,n_steps,seg_len_steps,seg_len_sent,n_edits,has_any_verification,n_verifications,verif_after_last_edit,n_verif_after_last_edit,share_edit,share_verify,share_other,n_transitions,phase_bigram_entropy,share_before_first_edit,nonzero_rc_share,n_files_edited,n_file_switches,repeat_ratio_norm,repeat_in_window_3,repeat_in_window_5,repeat_in_window_10,max_run_length,distinct_ratio,revisit_ratio,verify_fail_share,phase_trigram_entropy,bg_edit_edit,bg_edit_verify,bg_edit_other,bg_verify_edit,bg_verify_verify,bg_verify_other,bg_other_edit,bg_other_verify,bg_other_other,tg_other_other_other,tg_other_edit_other,tg_other_other_edit,tg_edit_other_other,tg_edit_other_edit,tg_other_edit_edit,tg_edit_edit_other,tg_verify_other_other,tg_other_verify_other,tg_other_other_verify,max_phase_run,reverify_after_last_edit
n_steps,1.0,0.1225657325493937,-0.06580916638068939,0.7708570828096085,0.3346537474548302,0.4088234551589115,0.1690196107060695,0.12974856185976727,0.07621334019561901,0.03701946765145523,-0.08877118036801529,0.8424918195854888,0.1678807576820525,-0.37232674662471954,0.2530991310156142,0.5924329287949678,0.6398979306193484,0.21028714687368058,0.2797750085804698,0.3096275920717167,0.35900625249537066,0.37220749137970616,-0.35393458127750965,0.28933689025956366,0.15266428609587737,0.20910182363715488,0.1118205347702553,-0.029718918854541147,-0.013039545653136277,-0.007916113279416414,0.05036598431606827,0.014294733661616661,-0.019719957383486596,0.04005650547155755,-0.03853796502830492,0.1938609056607625,-0.07738868747088938,-0.07271628129662044,-0.0486990033340586,-0.01161304716751534,0.08729200214818802,0.07858275025958088,-0.006069573802178315,0.006622520477817213,0.01924691792840691,0.5745218038762063,0.18108101062153184
seg_len_steps,0.1225657325493937,1.0,0.4250888556894737,-0.21449424235114284,0.16465795585900095,0.21763539158730744,0.3615377597750595,0.7306700465722578,-0.4635156010412796,0.2414316404015567,0.2252380659058774,-0.11018602139865831,-0.12852294487713573,0.05632008078735655,0.15067509557068656,-0.22902323350120965,-0.21862006676486742,-0.025188246207913278,-0.0719688004001624,-0.09456371068292929,-0.10159793860418503,0.00323668978917228,0.11173121216927036,-0.12519602910180788,-0.07560090127486155,-0.12146054612678478,-0.1573695686294697,-0.11362629731082306,-0.41847086817649704,-0.1467214662027145,0.26310404728561987,0.3209092870111066,-0.4361679555419543,0.36561355662125944,0.2823559193953554,0.3807909380679554,-0.32769813837430495,-0.3685178360748902,-0.30645934038852657,-0.27341463823117257,-0.17683612563957563,-0.1823418410724848,0.31385182682685064,0.32686411247870534,0.41218579553580786,0.32439158750595487,0.3394979337955251
seg_len_sent,-0.06580916638068939,0.4250888556894737,1.0,-0.18493599510141995,-0.09795834652047478,-0.04296168860453325,0.05999973680446245,0.22427241512595336,-0.39221827923648217,-0.04130529914500607,0.3562210299316737,-0.17454192924924147,-0.39068079779666953,0.33956022124678736,-0.03279615773556426,-0.20934083834926664,-0.1775812838006021,-0.05563349861851586,-0.1302160318251781,-0.15077988885615012,-0.16751368080863768,-0.046250784245171914,-0.1672833122349386,-0.35595584213069936,-0.05173024444954657,-0.39368030846224755,-0.11472526414822969,-0.12135861913587725,-0.3552712073014604,-0.13982474666692973,0.002215244670429633,0.005500594842324587,-0.3787618545395573,0.025033537311878296,0.41677236332579215,0.0952331027199267,-0.2835233793440648,-0.34991021950715057,-0.2788837789288943,-0.2107129086480809,-0.134137299336601,-0.13714186274067727,0.03820784042136858,0.04426546449689488,0.07801792837757868,0.06543303872780833,0.049575361659368676
n_edits,0.7708570828096085,-0.21449424235114284,-0.18493599510141995,1.0,0.2023100534055917,0.1980432078209105,0.00018219977600371912,-0.13941572226942694,0.5689777038278855,-0.08769054493397357,-0.4172114725618136,0.8925372502366554,0.3334437243338805,-0.43751069883379173,0.15685553214521888,0.7338834931877052,0.7954397301199054,0.1348705526680289,0.2846003669741739,0.3354627947262251,0.3907227575982837,0.26506768376514883,-0.34199412929162654,0.3726217219788987,0.21133423674147225,0.37151564973761575,0.42792477171975407,0.029830028121888067,0.3504899412488678,0.07277495735266697,-0.09084010128382788,-0.14530529632125785,0.35599766094006974,-0.13913611317556443,-0.40420058808383774,-0.2375486047804462,0.17247554710897822,0.16922827947758415,0.16227888555818198,0.29431684229698496,0.3669506842129058,0.35896755530111074,-0.16128189602329004,-0.15112259036647036,-0.18266441283360765,0.1297635862913377,0.01076501802263734
has_any_verification,0.3346537474548302,0.16465795585900095,-0.09795834652047478,0.2023100534055917,1.0,0.5099666490343189,0.5183571596867755,0.2986229964963252,0.03405350729817304,0.5515110144544865,-0.40043955748525356,0.3259565387133048,0.6142423226020376,-0.4220291742725428,0.24969532382857643,0.281090361342382,0.25515793414442955,0.0008836295069749729,-0.04040904342239605,-0.046767640442807325,-0.018940641345932884,0.0834414045432179,0.14153906458216967,0.07809376517731795,0.4333071687104116,0.6094139943358036,0.08583326213383945,0.31742324699770974,-0.18904221755981743,0.33318720735310525,0.3473760621006753,0.5494622563766602,-0.15649932586737744,0.5423626340888877,-0.30682599306244485,-0.061338006543907544,-0.25498203913057804,-0.14718555602894628,-0.23365110677587003,-0.1721327072392438,0.01773412561115331,0.014576854702027717,0.46939859227128555,0.43262961106079967,0.43500716471080236,0.1325988230591548,0.4960019725833763
n_verifications,0.4088234551589115,0.21763539158730744,-0.04296168860453325,0.1980432078209105,0.5099666490343189,1.0,0.5095925363829543,0.48696481042749007,-0.09816501915212505,0.7826064333571289,-0.4455930561771448,0.38028641509207345,0.5781612021274652,-0.19793173294796398,0.17304260262513452,0.24098654026067665,0.2306041052965704,-0.00823029277649364,-0.06853245298808401,-0.07085314067228218,-0.041880133649767476,0.09059781392144907,0.07228388823392616,0.10387816134675502,0.0009999804282564309,0.5766086021909705,0.06821296737058669,0.4125736249979875,-0.375900507829966,0.45106028057710196,0.6862667339554617,0.590435109396124,-0.34828035837639554,0.579562432457789,-0.2592397496186513,-0.07551483663309165,-0.41498239640864654,-0.3280730054247511,-0.3846983818180962,-0.279532306448373,-0.015293747436203192,-0.012690920522724067,0.4330034885901327,0.32367127581070554,0.4168622981205709,0.20046398087556727,0.5437366677184988
verif_after_last_edit,0.1690196107060695,0.3615377597750595,0.05999973680446245,0.00018219977600371912,0.5183571596867755,0.5095925363829543,1.0,0.576095055148407,-0.158229640255008,0.5424539923392556,-0.2333520657685095,0.1334387101335266,0.39580254357868744,-0.1696426395004644,0.09955217431770988,0.025574480769899613,0.024574903511400393,-0.01867465030163775,-0.03470963705650102,-0.04759175506780755,-0.027310511848753816,0.016628602708547463,0.08104395227553621,0.04892976018208738,-0.05207913164856245,0.37688160835794116,-0.014799447796004703,0.34047077992521124,-0.35014259239458895,0.2332864132093238,0.34694545011809963,0.5978786088670868,-0.28179225874093106,0.49976009174243,-0.13229825196995765,0.01367916812444136,-0.3309464722226313,-0.21233911026386687,-0.32812700359840075,-0.25040678371764885,-0.05596980260344312,-0.07803370071002559,0.49520736298062507,0.41090798217111685,0.4388323308888534,0.12403652759719727,0.9568730040944934
n_verif_after_last_edit,0.12974856185976727,0.7306700465722578,0.22427241512595336,-0.13941572226942694,0.2986229964963252,0.48696481042749007,0.576095055148407,1.0,-0.3430150704636446,0.5066071200932902,-0.05447503490147311,0.0007088562290425534,0.15819788374416185,0.01932889336027928,0.09529014390613925,-0.13656574119938952,-0.13233630530041862,-0.04429919414468542,-0.08132065687832328,-0.10184662984035875,-0.1012069463517133,0.0011717683023579116,0.143344191389915,-0.04487749853536468,-0.10719903863970487,0.1540710892901901,-0.08824560439633015,0.057262152101177785,-0.39557036138403856,0.00036576806045776053,0.508499300964066,0.5162232466560608,-0.3816420128808981,0.5211721298235379,0.03133513880370996,0.1310249835416914,-0.33385609578528186,-0.3205186453774909,-0.3415919711433931,-0.2575950176268392,-0.11810260453252752,-0.13083699390548661,0.43911417216806625,0.3745679723034761,0.49109119250165456,0.22411878161916798,0.5807185156882457
share_edit,0.07621334019561901,-0.4635156010412796,-0.39221827923648217,0.5689777038278855,0.03405350729817304,-0.09816501915212505,-0.158229640255008,-0.3430150704636446,1.0,-0.13788495726682445,-0.7442133553448839,0.372431302136228,0.5349887670054075,-0.5073492700872172,0.074493568174324,0.4819493889222514,0.4911598001904351,-0.01801198307076507,0.1401323298735362,0.18720730930141455,0.21496337066982216,0.0029296193886778374,0.025435546171186006,0.3574637499334998,0.1944557683673394,0.5384763079193988,0.6194454170746602,0.14170328058206647,0.7340005514068774,0.1967159221725614,-0.184385198913537,-0.22363143842003674,0.7579486187654699,-0.24795649346856358,-0.8109911172804072,-0.597487581565835,0.48817417933705326,0.4599281451160924,0.40946707041735453,0.6169195590308483,0.5616735862087426,0.5656945236527242,-0.23127880642881202,-0.23536236725521004,-0.30853403665388224,-0.34815343653085573,-0.15502739537735727
share_verify,0.03701946765145523,0.2414316404015567,-0.04130529914500607,-0.08769054493397357,0.5515110144544865,0.7826064333571289,0.5424539923392556,0.5066071200932902,-0.13788495726682445,1.0,-0.5589461342500911,0.0967530846190609,0.6765303555712963,-0.1842992256629985,0.11761108084268887,-0.013645858110260138,-0.036426179156742886,-0.09473938492636969,-0.15546616709221958,-0.1697068073102377,-0.15063120053916054,-0.04562931769267733,0.24651636255875836,0.06513996377816947,0.005593140783825027,0.6434754914458571,-0.051140380438535214,0.6120631943039991,-0.41696468213141535,0.613099359435433,0.8221368763872842,0.8043249927180258,-0.35388696572459294,0.738211979662555,-0.3773897772101917,-0.20367294569183994,-0.41808314950429565,-0.3288259706188738,-0.43676628280239815,-0.2953421037241867,-0.12829566307693702,-0.11839229756551073,0.6192469686919552,0.45296148749887954,0.5488137677196604,-0.04539321769414466,0.571250691655115
share_other,-0.08877118036801529,0.2252380659058774,0.3562210299316737,-0.4172114725618136,-0.40043955748525356,-0.4455930561771448,-0.2333520657685095,-0.05447503490147311,-0.7442133553448839,-0.5589461342500911,1.0,-0.37704843145758066,-0.9041338893418532,0.5490415228305389,-0.14168104155063727,-0.3942858228927061,-0.38663411261433744,0.07897032436892752,-0.012475063855440246,-0.04228261644779342,-0.07838428516856007,0.028318980333006807,-0.18754122850290775,-0.34319821870434747,-0.16657042690461113,-0.8847620055161078,-0.4841119057721797,-0.5313994147778457,-0.3333116651004847,-0.5781548093862288,-0.4000681407096049,-0.35519912086416994,-0.39589957601677367,-0.290248641562753,0.9334677743487629,0.6375706975362855,-0.1267513789245301,-0.16329734955245526,-0.04825813528497913,-0.3173116387269837,-0.3837130378263746,-0.3937580359205375,-0.2239831703286838,-0.10842422277590165,-0.11180604791876361,0.32208673776050634,-0.2554530067677517
n_transitions,0.8424918195854888,-0.11018602139865831,-0.17454192924924147,0.8925372502366554,0.3259565387133048,0.38028641509207345,0.1334387101335266,0.0007088562290425534,0.372431302136228,0.0967530846190609,-0.37704843145758066,1.0,0.39200886804715185,-0.4775880393208532,0.15253044424494197,0.6722946969024644,0.7192303918238083,0.10412619151835503,0.3003568752181812,0.3484215912088514,0.40709907678641066,0.24360237343800656,-0.35597706154552494,0.41325484465948215,0.22321531181049417,0.4277675697989866,0.09957639643661989,0.11168985805981609,0.3038740960026054,0.14687871014704273,0.018718903652077387,0.06698184453913085,0.3218517164915148,0.07111199689690176,-0.40244931755388746,-0.21152740795359426,0.20946974169562804,0.11275240316396602,0.09308608638004034,0.2721852241395287,0.10424501463563332,0.0986250337951202,0.008014949660017296,0.030424945256981563,-0.013889442775620108,0.16821059142111522,0.14920818925953994
phase_bigram_entropy,0.1678807576820525,-0.12852294487713573,-0.39068079779666953,0.3334437243338805,0.6142423226020376,0.5781612021274652,0.39580254357868744,0.15819788374416185,0.5349887670054075,0.6765303555712963,-0.9041338893418532,0.39200886804715185,1.0,-0.6198354983606815,0.16822139790349921,0.36204753090627656,0.34330114654589367,-0.05493805753530617,0.0030111258612997988,0.027408211046915393,0.06915973259304271,-0.0013606005731348315,0.24797992753332163,0.3736266141143321,0.19913685997503122,0.9890008094093281,0.32865932090332284,0.5106782016100627,0.18933488127470952,0.5680156073940644,0.4611625168458964,0.5362164234934998,0.24322328530529702,0.5064457034359177,-0.8393450206045773,-0.45940834840850936,0.016092918651151533,0.13233175626285013,0.016063391131894405,0.12726442083947992,0.2704522517450717,0.2822941192913641,0.383537094874763,0.3029400770125285,0.31675218085084467,-0.21476100651433278,0.4176589680923276
share_before_first_edit,-0.37232674662471954,0.05632008078735655,0.33956022124678736,-0.43751069883379173,-0.4220291742725428,-0.19793173294796398,-0.1696426395004644,0.01932889336027928,-0.5073492700872172,-0.1842992256629985,0.5490415228305389,-0.4775880393208532,-0.6198354983606815,1.0,-0.2284941432200273,-0.43025766089779865,-0.4308651703831468,-0.08272855412799024,-0.17791002385019933,-0.2221491013988094,-0.274792486805822,-0.1405275385726465,-0.0640596219965561,-0.49428492056699885,-0.28096831007204615,-0.6411473867319708,-0.18089241711008247,-0.15424526036062164,-0.4138442411505861,-0.16733866665896596,-0.08750350236563813,-0.17334753049394014,-0.43786747598573156,-0.1626126261738541,0.605616721578012,0.1930467569228095,-0.29582089258095945,-0.35041496403258476,-0.3408685277639231,-0.23152719709500122,-0.16491571782454928,-0.17357991162188852,-0.15402279297610363,-0.12904175336764395,-0.10690178205018236,0.06788537868436587,-0.16540516988955087
nonzero_rc_share,0.2530991310156142,0.15067509557068656,-0.03279615773556426,0.15685553214521888,0.24969532382857643,0.17304260262513452,0.09955217431770988,0.09529014390613925,0.074493568174324,0.11761108084268887,-0.14168104155063727,0.15253044424494197,0.16822139790349921,-0.2284941432200273,1.0,0.11154251910152405,0.12232710544022588,-0.035673988904135805,-0.031339020893137864,-0.03958506994561511,-0.03368940638219447,0.051850178309455784,0.1089157487812297,-0.0042302095469293815,0.3738080889001332,0.17480632221478556,0.16651792363813,0.07405088041720778,-0.07604360445091422,0.08057314654358723,0.0504366304137733,0.13202746552366323,-0.07156291701959824,0.13293308537823734,-0.08588668214751116,0.12430550444442226,-0.13416387689707532,-0.14794756867888811,-0.17061647660267107,-0.00014457044323898377,0.10677731903841407,0.10809161240788122,0.14965629600720093,0.13119025185712324,0.08865139332448733,0.20735320439082908,0.1091599894350739
n_files_edited,0.5924329287949678,-0.22902323350120965,-0.20934083834926664,0.7338834931877052,0.281090361342382,0.24098654026067665,0.025574480769899613,-0.13656574119938952,0.4819493889222514,-0.013645858110260138,-0.3942858228927061,0.6722946969024644,0.36204753090627656,-0.43025766089779865,0.11154251910152405,1.0,0.9625582276928312,0.04192866560141786,0.029830729366085704,0.06086017253658131,0.10183477535931106,0.14896193389832008,-0.04796281831733468,0.12720394897651197,0.17775769099543484,0.3935153921023352,0.371351311727694,0.040244088846566016,0.2828002487887638,0.11361721970921826,-0.01544013110052948,-0.09665337017114259,0.27694012468022305,-0.06496201126875784,-0.3699513712400423,-0.19588102808006488,0.11777205551313827,0.14221935125148535,0.13719705900219267,0.2115398141697383,0.30965203521587437,0.30899392605275544,-0.1253213971484604,-0.10113167027531962,-0.12216976071340299,0.07978403310025425,0.040685781800096056
n_file_switches,0.6398979306193484,-0.21862006676486742,-0.1775812838006021,0.7954397301199054,0.25515793414442955,0.2306041052965704,0.024574903511400393,-0.13233630530041862,0.4911598001904351,-0.036426179156742886,-0.38663411261433744,0.7192303918238083,0.34330114654589367,-0.4308651703831468,0.12232710544022588,0.9625582276928312,1.0,0.040827334483351664,0.051804963406555,0.09225053743945176,0.14080470606840795,0.1563726118806708,-0.11180025164285924,0.16025962674742988,0.17434159448570044,0.37794630517226896,0.3927799232890731,0.02707670065430211,0.28315144782607504,0.09280401357630898,-0.0312506386139669,-0.11372911515621649,0.2782062266598107,-0.08621109967393382,-0.3599882608699009,-0.2047702431407368,0.111361937879585,0.14785074757868596,0.14636485825935816,0.20848452751375132,0.33522315225177574,0.33277438064726983,-0.13838935826466447,-0.11799906033541702,-0.13694326424621395,0.08727142017265231,0.0395307059829624
repeat_ratio_norm,0.21028714687368058,-0.025188246207913278,-0.05563349861851586,0.1348705526680289,0.0008836295069749729,-0.00823029277649364,-0.01867465030163775,-0.04429919414468542,-0.01801198307076507,-0.09473938492636969,0.07897032436892752,0.10412619151835503,-0.05493805753530617,-0.08272855412799024,-0.035673988904135805,0.04192866560141786,0.040827334483351664,1.0,0.7071699703098612,0.6517122739440786,0.6126165856203201,0.8020933188802456,-0.468657077769958,0.33958620797781425,0.025591376548150704,-0.04362121496664798,0.005942387199702133,-0.045745285028706506,-0.016058108972343384,-0.031021641902710905,-0.03994685461596997,-0.1354216398195875,-0.02768366561641077,-0.1286435706410106,0.09973584214902155,0.21048109367776513,-0.016635367072097874,-0.015125208559796943,0.0049439329162535425,-0.01959812427142138,-0.021503799106848007,-0.010914614589040927,-0.11696896682517312,-0.13129422542307992,-0.10739210121619569,0.2492736790254907,-0.029415681690841244
repeat_in_window_3,0.2797750085804698,-0.0719688004001624,-0.1302160318251781,0.2846003669741739,-0.04040904342239605,-0.06853245298808401,-0.03470963705650102,-0.08132065687832328,0.1401323298735362,-0.15546616709221958,-0.012475063855440246,0.3003568752181812,0.0030111258612997988,-0.17791002385019933,-0.031339020893137864,0.029830729366085704,0.051804963406555,0.7071699703098612,1.0,0.9478213500463865,0.9007970124786684,0.5640122096390444,-0.6746036097753421,0.5440999859106345,0.053672171966966935,0.016293953053151563,-0.08357194765005359,-0.015077616024735842,0.23057014565587625,-0.01153386796712057,-0.1387108919211192,-0.1732000023917301,0.23595053216081316,-0.18743389749313508,-0.07084827436478289,0.08013430873387899,0.24604242932162884,0.1559162284279048,0.17570331471810266,0.18979980632589197,-0.06886042683819113,-0.061211662984835526,-0.1757000669588057,-0.15580328952952047,-0.17686072414802667,0.16253392063721642,-0.05176981792124505
repeat_in_window_5,0.3096275920717167,-0.09456371068292929,-0.15077988885615012,0.3354627947262251,-0.046767640442807325,-0.07085314067228218,-0.04759175506780755,-0.10184662984035875,0.18720730930141455,-0.1697068073102377,-0.04228261644779342,0.3484215912088514,0.027408211046915393,-0.2221491013988094,-0.03958506994561511,0.06086017253658131,0.09225053743945176,0.6517122739440786,0.9478213500463865,1.0,0.9611044078629034,0.5248465203941803,-0.7207553382267123,0.591298346020669,0.06468703623143883,0.0464350893697286,-0.06721809671190324,-0.022435244705747044,0.27968628603963186,-0.02405224858370686,-0.15154860712937157,-0.1808715844854428,0.28827427971012937,-0.19786728771375212,-0.11277105291100101,0.03728936374352171,0.28225257368281603,0.23061718988762064,0.24304240514043834,0.19635091768416743,-0.03807857295689594,-0.03206010209553965,-0.17926496750376125,-0.16175558498389003,-0.190366702830794,0.1343874129862209,-0.06210680440904904
repeat_in_window_10,0.35900625249537066,-0.10159793860418503,-0.16751368080863768,0.3907227575982837,-0.018940641345932884,-0.041880133649767476,-0.027310511848753816,-0.1012069463517133,0.21496337066982216,-0.15063120053916054,-0.07838428516856007,0.40709907678641066,0.06915973259304271,-0.274792486805822,-0.03368940638219447,0.10183477535931106,0.14080470606840795,0.6126165856203201,0.9007970124786684,0.9611044078629034,1.0,0.503160286174732,-0.7465857511233468,0.6261693475576711,0.07905401424130996,0.0918597347899027,-0.05113512801395573,-0.007047027285660345,0.29246701760827415,-0.009548595371890187,-0.14588931479004394,-0.1578483290261031,0.30303744116330694,-0.17684010825192278,-0.1473438774173735,0.015152408575663828,0.28365185073488497,0.2550287655193455,0.26495147285760406,0.18775068341899656,-0.02422790576416521,-0.017462790402970003,-0.15803249768290334,-0.14399761022702606,-0.16977948629031822,0.1289287902197234,-0.037932154332953896
max_run_length,0.37220749137970616,0.00323668978917228,-0.046250784245171914,0.26506768376514883,0.0834414045432179,0.09059781392144907,0.016628602708547463,0.0011717683023579116,0.0029296193886778374,-0.04562931769267733,0.028318980333006807,0.24360237343800656,-0.0013606005731348315,-0.1405275385726465,0.051850178309455784,0.14896193389832008,0.1563726118806708,0.8020933188802456,0.5640122096390444,0.5248465203941803,0.503160286174732,1.0,-0.4040272482925181,0.2775841136686809,0.06302640187102782,0.011059955859095244,0.04160507611090513,-0.036495202916934,-0.0257787692210049,-0.0161796566963822,-0.00608230845679896,-0.08144670070821781,-0.03681212675098994,-0.06651222367665843,0.05894598320089378,0.16958566757493504,-0.04282685366473941,-0.06501357279771708,-0.043903787325549296,-0.004679662703136596,0.015502191357325303,0.015216989622721859,-0.07757466845250231,-0.0830029203212214,-0.06534701426292047,0.33925717320867244,0.013812460031303925
distinct_ratio,-0.35393458127750965,0.11173121216927036,-0.1672833122349386,-0.34199412929162654,0.14153906458216967,0.07228388823392616,0.08104395227553621,0.143344191389915,0.025435546171186006,0.24651636255875836,-0.18754122850290775,-0.35597706154552494,0.24797992753332163,-0.0640596219965561,0.1089157487812297,-0.04796281831733468,-0.11180025164285924,-0.468657077769958,-0.6746036097753421,-0.7207553382267123,-0.7465857511233468,-0.4040272482925181,1.0,-0.21312031437120585,-0.020575127311029586,0.22907733042640716,0.10676358090754569,0.07930288892741094,-0.06307384311794731,0.10120257514488044,0.20973564078660878,0.230249503512466,-0.06350324200982004,0.25293498140106935,-0.16397980690483194,0.05275400028409846,-0.09278740683520292,-0.04947320167008368,-0.07410450072715344,-0.035865523195428774,0.08662309530177939,0.08295108226305925,0.2130860946385216,0.18494113952819283,0.22558423671366776,-0.12977383850676602,0.08574404859152603
revisit_ratio,0.28933689025956366,-0.12519602910180788,-0.35595584213069936,0.3726217219788987,0.07809376517731795,0.10387816134675502,0.04892976018208738,-0.04487749853536468,0.3574637499334998,0.06513996377816947,-0.34319821870434747,0.41325484465948215,0.3736266141143321,-0.49428492056699885,-0.0042302095469293815,0.12720394897651197,0.16025962674742988,0.33958620797781425,0.5440999859106345,0.591298346020669,0.6261693475576711,0.2775841136686809,-0.21312031437120585,1.0,0.09691910125885705,0.39359565145242936,0.004573305344088273,0.11781001139354248,0.3751645808542213,0.1246220250739138,0.05046943330976893,-0.004042954509713424,0.40091594458006585,-0.03104616356053453,-0.40700397730827104,-0.01966702640757308,0.3274953802219419,0.28293015885246975,0.2782858279344836,0.2692203420802255,0.03292623559422449,0.034510242691759244,-0.037572800246104064,-0.07767663103809413,-0.06964805799408465,0.03460092697670047,0.04961203741577016
verify_fail_share,0.15266428609587737,-0.07560090127486155,-0.05173024444954657,0.21133423674147225,0.4333071687104116,0.0009999804282564309,-0.05207913164856245,-0.10719903863970487,0.1944557683673394,0.005593140783825027,-0.16657042690461113,0.22321531181049417,0.19913685997503122,-0.28096831007204615,0.3738080889001332,0.17775769099543484,0.17434159448570044,0.025591376548150704,0.053672171966966935,0.06468703623143883,0.07905401424130996,0.06302640187102782,-0.020575127311029586,0.09691910125885705,1.0,0.20817868433783296,0.07590504120689445,0.10514798286468179,0.12588339785577252,0.07684480762271637,-0.12126701080615458,0.08106166922393179,0.15473052694587722,0.04180928518721422,-0.1882362153878724,-0.09910152484549857,0.09021743920687209,0.08171709458958269,0.0174170044391688,0.10310990212042002,0.052515486775833974,0.04335351280488043,0.1289608027897326,0.12955846963751314,-0.011833643677602127,-0.02791956746294176,-0.0515318823717602
phase_trigram_entropy,0.20910182363715488,-0.12146054612678478,-0.39368030846224755,0.37151564973761575,0.6094139943358036,0.5766086021909705,0.37688160835794116,0.1540710892901901,0.5384763079193988,0.6434754914458571,-0.8847620055161078,0.4277675697989866,0.9890008094093281,-0.6411473867319708,0.17480632221478556,0.3935153921023352,0.37794630517226896,-0.04362121496664798,0.016293953053151563,0.0464350893697286,0.0918597347899027,0.011059955859095244,0.22907733042640716,0.39359565145242936,0.20817868433783296,1.0,0.34446344646613736,0.46611591033127364,0.19728585494215278,0.5236636709947124,0.43694635339072013,0.5206964695629184,0.2468616514915796,0.5011397937903738,-0.8237077172092191,-0.4377038482903764,0.015031478327429798,0.15054511402997875,0.039031141760486325,0.12321962389525085,0.2893528480112627,0.3000075042974845,0.3860273508114587,0.3092882358210843,0.32780975059464873,-0.2050312944360481,0.39974905413908335
bg_edit_edit,0.1118205347702553,-0.1573695686294697,-0.11472526414822969,0.42792477171975407,0.08583326213383945,0.06821296737058669,-0.014799447796004703,-0.08824560439633015,0.6194454170746602,-0.051140380438535214,-0.4841119057721797,0.09957639643661989,0.32865932090332284,-0.18089241711008247,0.16651792363813,0.371351311727694,0.3927799232890731,0.005942387199702133,-0.08357194765005359,-0.06721809671190324,-0.05113512801395573,0.04160507611090513,0.10676358090754569,0.004573305344088273,0.07590504120689445,0.34446344646613736,1.0,-0.017922601534640994,0.05158843704597874,0.024697574482030707,-0.02033320953662017,-0.10088169691333962,0.03510095894499087,-0.07681108301875365,-0.3341650946339676,-0.2199093301119414,-0.25509147133780885,0.02253890020650096,0.017255480389652182,0.015502448881623929,0.8279041224616359,0.826785981177512,-0.10411176179749854,-0.09950943010193543,-0.10489992355986348,-0.05831259062698178,-0.006532836811852648
bg_edit_verify,-0.029718918854541147,-0.11362629731082306,-0.12135861913587725,0.029830028121888067,0.31742324699770974,0.4125736249979875,0.34047077992521124,0.057262152101177785,0.14170328058206647,0.6120631943039991,-0.5313994147778457,0.11168985805981609,0.5106782016100627,-0.15424526036062164,0.07405088041720778,0.040244088846566016,0.02707670065430211,-0.045745285028706506,-0.015077616024735842,-0.022435244705747044,-0.007047027285660345,-0.036495202916934,0.07930288892741094,0.11781001139354248,0.10514798286468179,0.46611591033127364,-0.017922601534640994,1.0,-0.2569220587594639,0.7586851561727239,0.24762127681378074,0.49955629586024525,-0.0598695701874232,0.11407757350654682,-0.3678537364334435,-0.2575975611701494,-0.24508134987558614,-0.06786683112627706,-0.3195390465517231,-0.11299713767701218,-0.057806605445032855,-0.10309102142068373,0.4223248084130022,0.03275919270544647,0.018434845757382537,-0.13307993318444447,0.35283926487743544
bg_edit_other,-0.013039545653136277,-0.41847086817649704,-0.3552712073014604,0.3504899412488678,-0.18904221755981743,-0.375900507829966,-0.35014259239458895,-0.39557036138403856,0.7340005514068774,-0.41696468213141535,-0.3333116651004847,0.3038740960026054,0.18933488127470952,-0.4138442411505861,-0.07604360445091422,0.2828002487887638,0.28315144782607504,-0.016058108972343384,0.23057014565587625,0.27968628603963186,0.29246701760827415,-0.0257787692210049,-0.06307384311794731,0.3751645808542213,0.12588339785577252,0.19728585494215278,0.05158843704597874,-0.2569220587594639,1.0,-0.11549641841760884,-0.3334550420791124,-0.43535322404907406,0.9546913696895641,-0.3147489193797922,-0.6045899525822634,-0.4790665289602455,0.9154492612976962,0.6065288364966749,0.6605603383842507,0.8069746638742512,0.12852874071417522,0.154450873596745,-0.40556922000780465,-0.24285924225573727,-0.3248250921647139,-0.3527457862819561,-0.3584904746361701
bg_verify_edit,-0.007916113279416414,-0.1467214662027145,-0.13982474666692973,0.07277495735266697,0.33318720735310525,0.45106028057710196,0.2332864132093238,0.00036576806045776053,0.1967159221725614,0.613099359435433,-0.5781548093862288,0.14687871014704273,0.5680156073940644,-0.16733866665896596,0.08057314654358723,0.11361721970921826,0.09280401357630898,-0.031021641902710905,-0.01153386796712057,-0.02405224858370686,-0.009548595371890187,-0.0161796566963822,0.10120257514488044,0.1246220250739138,0.07684480762271637,0.5236636709947124,0.024697574482030707,0.7586851561727239,-0.11549641841760884,1.0,0.32016237115780977,0.2663442012820955,-0.105813533514417,0.2733373213884477,-0.40987043873902873,-0.28346827938344027,-0.1957447258497043,-0.1494019364632397,-0.21289777478556973,-0.06586291284502872,-0.07024923618506565,-0.025215530729511597,0.17207369758943977,0.030181370382052992,0.12113019069604888,-0.1252175949383816,0.2608106078409875
bg_verify_verify,0.05036598431606827,0.26310404728561987,0.002215244670429633,-0.09084010128382788,0.3473760621006753,0.6862667339554617,0.34694545011809963,0.508499300964066,-0.184385198913537,0.8221368763872842,-0.4000681407096049,0.018718903652077387,0.4611625168458964,-0.08750350236563813,0.0504366304137733,-0.01544013110052948,-0.0312506386139669,-0.03994685461596997,-0.1387108919211192,-0.15154860712937157,-0.14588931479004394,-0.00608230845679896,0.20973564078660878,0.05046943330976893,-0.12126701080615458,0.43694635339072013,-0.02033320953662017,0.24762127681378074,-0.3334550420791124,0.32016237115780977,1.0,0.4584186030576394,-0.3373316358071634,0.5009072338430982,-0.22462861344863266,-0.09546529516123646,-0.3391694160850541,-0.29576771485203135,-0.30806590591215705,-0.2563550240133889,-0.07980270481530972,-0.0588169705752789,0.33315783137658483,0.15093579609953994,0.3844609290165502,0.0284264664937761,0.37600808985248724
bg_verify_other,0.014294733661616661,0.3209092870111066,0.005500594842324587,-0.14530529632125785,0.5494622563766602,0.590435109396124,0.5978786088670868,0.5162232466560608,-0.22363143842003674,0.8043249927180258,-0.35519912086416994,0.06698184453913085,0.5362164234934998,-0.17334753049394014,0.13202746552366323,-0.09665337017114259,-0.11372911515621649,-0.1354216398195875,-0.1732000023917301,-0.1808715844854428,-0.1578483290261031,-0.08144670070821781,0.230249503512466,-0.004042954509713424,0.08106166922393179,0.5206964695629184,-0.10088169691333962,0.49955629586024525,-0.43535322404907406,0.2663442012820955,0.4584186030576394,1.0,-0.30795324925427664,0.8148205167207732,-0.2741552633240114,-0.13632884794084446,-0.3781929756524764,-0.26835201342777537,-0.43672294864884487,-0.29869715299509764,-0.1346796132797121,-0.16577290505210668,0.8133194978814733,0.7463442300935956,0.6474282131545768,-0.04784860899704803,0.6081442336430809
bg_other_edit,-0.019719957383486596,-0.4361679555419543,-0.3787618545395573,0.35599766094006974,-0.15649932586737744,-0.34828035837639554,-0.28179225874093106,-0.3816420128808981,0.7579486187654699,-0.35388696572459294,-0.39589957601677367,0.3218517164915148,0.24322328530529702,-0.43786747598573156,-0.07156291701959824,0.27694012468022305,0.2782062266598107,-0.02768366561641077,0.23595053216081316,0.28827427971012937,0.30303744116330694,-0.03681212675098994,-0.06350324200982004,0.40091594458006585,0.15473052694587722,0.2468616514915796,0.03510095894499087,-0.0598695701874232,0.9546913696895641,-0.105813533514417,-0.3373316358071634,-0.30795324925427664,1.0,-0.36294595598183743,-0.6596200285826597,-0.5216528687945587,0.9033265495554876,0.6478745923678977,0.601755830736601,0.8086746180311793,0.1305721356527328,0.11903058810774922,-0.2814841212096335,-0.24442824720892564,-0.3666051075094376,-0.3827002431174294,-0.2942648046207467
bg_other_verify,0.04005650547155755,0.36561355662125944,0.025033537311878296,-0.13913611317556443,0.5423626340888877,0.579562432457789,0.49976009174243,0.5211721298235379,-0.24795649346856358,0.738211979662555,-0.290248641562753,0.07111199689690176,0.5064457034359177,-0.1626126261738541,0.13293308537823734,-0.06496201126875784,-0.08621109967393382,-0.1286435706410106,-0.18743389749313508,-0.19786728771375212,-0.17684010825192278,-0.06651222367665843,0.25293498140106935,-0.03104616356053453,0.04180928518721422,0.5011397937903738,-0.07681108301875365,0.11407757350654682,-0.3147489193797922,0.2733373213884477,0.5009072338430982,0.8148205167207732,-0.36294595598183743,1.0,-0.23972196470417703,-0.1028851761870985,-0.32179112121221193,-0.34268058857464984,-0.32517682879902116,-0.2696959801623323,-0.14462082250191885,-0.10072114330993316,0.61373873100599,0.8256662687864927,0.7963073576593541,-0.012190581354119132,0.5191310735125989
bg_other_other,-0.03853796502830492,0.2823559193953554,0.41677236332579215,-0.40420058808383774,-0.30682599306244485,-0.2592397496186513,-0.13229825196995765,0.03133513880370996,-0.8109911172804072,-0.3773897772101917,0.9334677743487629,-0.40244931755388746,-0.8393450206045773,0.605616721578012,-0.08588668214751116,-0.3699513712400423,-0.3599882608699009,0.09973584214902155,-0.07084827436478289,-0.11277105291100101,-0.1473438774173735,0.05894598320089378,-0.16397980690483194,-0.40700397730827104,-0.1882362153878724,-0.8237077172092191,-0.3341650946339676,-0.3678537364334435,-0.6045899525822634,-0.40987043873902873,-0.22462861344863266,-0.2741552633240114,-0.6596200285826597,-0.23972196470417703,1.0,0.7075225334324514,-0.438671583862211,-0.34715208749682763,-0.2492335448773237,-0.532157966064028,-0.29686933850551056,-0.3075700485847742,-0.15456086488263263,-0.13283927076737237,-0.07262686063316559,0.41263397019064435,-0.14540085202336434
tg_other_other_other,0.1938609056607625,0.3807909380679554,0.0952331027199267,-0.2375486047804462,-0.061338006543907544,-0.07551483663309165,0.01367916812444136,0.1310249835416914,-0.597487581565835,-0.20367294569183994,0.6375706975362855,-0.21152740795359426,-0.45940834840850936,0.1930467569228095,0.12430550444442226,-0.19588102808006488,-0.2047702431407368,0.21048109367776513,0.08013430873387899,0.03728936374352171,0.015152408575663828,0.16958566757493504,0.05275400028409846,-0.01966702640757308,-0.09910152484549857,-0.4377038482903764,-0.2199093301119414,-0.2575975611701494,-0.4790665289602455,-0.28346827938344027,-0.09546529516123646,-0.13632884794084446,-0.5216528687945587,-0.1028851761870985,0.7075225334324514,1.0,-0.37392481121464227,-0.3128354765901702,-0.252400925901283,-0.4036301394322734,-0.20233120886620634,-0.2116521017086485,-0.07895278016299871,-0.045447683854480704,0.002428673998583849,0.6300740662271884,-0.0011911139211539829
tg_other_edit_other,-0.07738868747088938,-0.32769813837430495,-0.2835233793440648,0.17247554710897822,-0.25498203913057804,-0.41498239640864654,-0.3309464722226313,-0.33385609578528186,0.48817417933705326,-0.41808314950429565,-0.1267513789245301,0.20946974169562804,0.016092918651151533,-0.29582089258095945,-0.13416387689707532,0.11777205551313827,0.111361937879585,-0.016635367072097874,0.24604242932162884,0.28225257368281603,0.28365185073488497,-0.04282685366473941,-0.09278740683520292,0.3274953802219419,0.09021743920687209,0.015031478327429798,-0.25509147133780885,-0.24508134987558614,0.9154492612976962,-0.1957447258497043,-0.3391694160850541,-0.3781929756524764,0.9033265495554876,-0.32179112121221193,-0.438671583862211,-0.37392481121464227,1.0,0.5906273512998182,0.6206148045643941,0.7585872377986999,-0.21777413569527349,-0.21081758651468366,-0.3398680124439143,-0.20849684191393633,-0.30112566580243466,-0.31955608343068,-0.3470031226939995
tg_other_other_edit,-0.07271628129662044,-0.3685178360748902,-0.34991021950715057,0.16922827947758415,-0.14718555602894628,-0.3280730054247511,-0.21233911026386687,-0.3205186453774909,0.4599281451160924,-0.3288259706188738,-0.16329734955245526,0.11275240316396602,0.13233175626285013,-0.35041496403258476,-0.14794756867888811,0.14221935125148535,0.14785074757868596,-0.015125208559796943,0.1559162284279048,0.23061718988762064,0.2550287655193455,-0.06501357279771708,-0.04947320167008368,0.28293015885246975,0.08171709458958269,0.15054511402997875,0.02253890020650096,-0.06786683112627706,0.6065288364966749,-0.1494019364632397,-0.29576771485203135,-0.26835201342777537,0.6478745923678977,-0.34268058857464984,-0.34715208749682763,-0.3128354765901702,0.5906273512998182,1.0,0.8159151392808636,0.13205578481527822,0.11649385649055653,0.10063676398465181,-0.16219213215292114,-0.2257635466934221,-0.33081718479578287,-0.3597177226343168,-0.22574557492659172
tg_edit_other_other,-0.0486990033340586,-0.30645934038852657,-0.2788837789288943,0.16227888555818198,-0.23365110677587003,-0.3846983818180962,-0.32812700359840075,-0.3415919711433931,0.40946707041735453,-0.43676628280239815,-0.04825813528497913,0.09308608638004034,0.016063391131894405,-0.3408685277639231,-0.17061647660267107,0.13719705900219267,0.14636485825935816,0.0049439329162535425,0.17570331471810266,0.24304240514043834,0.26495147285760406,-0.043903787325549296,-0.07410450072715344,0.2782858279344836,0.0174170044391688,0.039031141760486325,0.017255480389652182,-0.3195390465517231,0.6605603383842507,-0.21289777478556973,-0.30806590591215705,-0.43672294864884487,0.601755830736601,-0.32517682879902116,-0.2492335448773237,-0.252400925901283,0.6206148045643941,0.8159151392808636,1.0,0.15934262247307962,0.10301570795544635,0.1293102782162496,-0.39884665573574124,-0.24482292181240783,-0.21241100253665687,-0.2938715610366968,-0.3341186241979125
tg_edit_other_edit,-0.01161304716751534,-0.27341463823117257,-0.2107129086480809,0.29431684229698496,-0.1721327072392438,-0.279532306448373,-0.25040678371764885,-0.2575950176268392,0.6169195590308483,-0.2953421037241867,-0.3173116387269837,0.2721852241395287,0.12726442083947992,-0.23152719709500122,-0.00014457044323898377,0.2115398141697383,0.20848452751375132,-0.01959812427142138,0.18979980632589197,0.19635091768416743,0.18775068341899656,-0.004679662703136596,-0.035865523195428774,0.2692203420802255,0.10310990212042002,0.12321962389525085,0.015502448881623929,-0.11299713767701218,0.8069746638742512,-0.06586291284502872,-0.2563550240133889,-0.29869715299509764,0.8086746180311793,-0.2696959801623323,-0.532157966064028,-0.4036301394322734,0.7585872377986999,0.13205578481527822,0.15934262247307962,1.0,0.06325880347081846,0.0659580478565121,-0.2814636244770985,-0.19964700884120543,-0.2603968804037065,-0.22062311530411083,-0.26149772329299636
tg_other_edit_edit,0.08729200214818802,-0.17683612563957563,-0.134137299336601,0.3669506842129058,0.01773412561115331,-0.015293747436203192,-0.05596980260344312,-0.11810260453252752,0.5616735862087426,-0.12829566307693702,-0.3837130378263746,0.10424501463563332,0.2704522517450717,-0.16491571782454928,0.10677731903841407,0.30965203521587437,0.33522315225177574,-0.021503799106848007,-0.06886042683819113,-0.03807857295689594,-0.02422790576416521,0.015502191357325303,0.08662309530177939,0.03292623559422449,0.052515486775833974,0.2893528480112627,0.8279041224616359,-0.057806605445032855,0.12852874071417522,-0.07024923618506565,-0.07980270481530972,-0.1346796132797121,0.1305721356527328,-0.14462082250191885,-0.29686933850551056,-0.20233120886620634,-0.21777413569527349,0.11649385649055653,0.10301570795544635,0.06325880347081846,1.0,0.9455550706019242,-0.11731290328095267,-0.13617565649480956,-0.15414554248903162,-0.08032320142675939,-0.05041976547018797
tg_edit_edit_other,0.07858275025958088,-0.1823418410724848,-0.13714186274067727,0.35896755530111074,0.014576854702027717,-0.012690920522724067,-0.07803370071002559,-0.13083699390548661,0.5656945236527242,-0.11839229756551073,-0.3937580359205375,0.0986250337951202,0.2822941192913641,-0.17357991162188852,0.10809161240788122,0.30899392605275544,0.33277438064726983,-0.010914614589040927,-0.061211662984835526,-0.03206010209553965,-0.017462790402970003,0.015216989622721859,0.08295108226305925,0.034510242691759244,0.04335351280488043,0.3000075042974845,0.826785981177512,-0.10309102142068373,0.154450873596745,-0.025215530729511597,-0.0588169705752789,-0.16577290505210668,0.11903058810774922,-0.10072114330993316,-0.3075700485847742,-0.2116521017086485,-0.21081758651468366,0.10063676398465181,0.1293102782162496,0.0659580478565121,0.9455550706019242,1.0,-0.16162794431984046,-0.11861292239822406,-0.12312321315153532,-0.08596157816178793,-0.06652488215051836
tg_verify_other_other,-0.006069573802178315,0.31385182682685064,0.03820784042136858,-0.16128189602329004,0.46939859227128555,0.4330034885901327,0.49520736298062507,0.43911417216806625,-0.23127880642881202,0.6192469686919552,-0.2239831703286838,0.008014949660017296,0.383537094874763,-0.15402279297610363,0.14965629600720093,-0.1253213971484604,-0.13838935826466447,-0.11696896682517312,-0.1757000669588057,-0.17926496750376125,-0.15803249768290334,-0.07757466845250231,0.2130860946385216,-0.037572800246104064,0.1289608027897326,0.3860273508114587,-0.10411176179749854,0.4223248084130022,-0.40556922000780465,0.17207369758943977,0.33315783137658483,0.8133194978814733,-0.2814841212096335,0.61373873100599,-0.15456086488263263,-0.07895278016299871,-0.3398680124439143,-0.16219213215292114,-0.39884665573574124,-0.2814636244770985,-0.11731290328095267,-0.16162794431984046,1.0,0.5828227980618637,0.5987758478873092,-0.05526632168658623,0.49895898725415794
tg_other_verify_other,0.006622520477817213,0.32686411247870534,0.04426546449689488,-0.15112259036647036,0.43262961106079967,0.32367127581070554,0.41090798217111685,0.3745679723034761,-0.23536236725521004,0.45296148749887954,-0.10842422277590165,0.030424945256981563,0.3029400770125285,-0.12904175336764395,0.13119025185712324,-0.10113167027531962,-0.11799906033541702,-0.13129422542307992,-0.15580328952952047,-0.16175558498389003,-0.14399761022702606,-0.0830029203212214,0.18494113952819283,-0.07767663103809413,0.12955846963751314,0.3092882358210843,-0.09950943010193543,0.03275919270544647,-0.24285924225573727,0.030181370382052992,0.15093579609953994,0.7463442300935956,-0.24442824720892564,0.8256662687864927,-0.13283927076737237,-0.045447683854480704,-0.20849684191393633,-0.2257635466934221,-0.24482292181240783,-0.19964700884120543,-0.13617565649480956,-0.11861292239822406,0.5828227980618637,1.0,0.6891309992931752,-0.019959523843827386,0.4097176483673315
tg_other_other_verify,0.01924691792840691,0.41218579553580786,0.07801792837757868,-0.18266441283360765,0.43500716471080236,0.4168622981205709,0.4388323308888534,0.49109119250165456,-0.30853403665388224,0.5488137677196604,-0.11180604791876361,-0.013889442775620108,0.31675218085084467,-0.10690178205018236,0.08865139332448733,-0.12216976071340299,-0.13694326424621395,-0.10739210121619569,-0.17686072414802667,-0.190366702830794,-0.16977948629031822,-0.06534701426292047,0.22558423671366776,-0.06964805799408465,-0.011833643677602127,0.32780975059464873,-0.10489992355986348,0.018434845757382537,-0.3248250921647139,0.12113019069604888,0.3844609290165502,0.6474282131545768,-0.3666051075094376,0.7963073576593541,-0.07262686063316559,0.002428673998583849,-0.30112566580243466,-0.33081718479578287,-0.21241100253665687,-0.2603968804037065,-0.15414554248903162,-0.12312321315153532,0.5987758478873092,0.6891309992931752,1.0,0.010422780095095457,0.44613615447953514
max_phase_run,0.5745218038762063,0.32439158750595487,0.06543303872780833,0.1297635862913377,0.1325988230591548,0.20046398087556727,0.12403652759719727,0.22411878161916798,-0.34815343653085573,-0.04539321769414466,0.32208673776050634,0.16821059142111522,-0.21476100651433278,0.06788537868436587,0.20735320439082908,0.07978403310025425,0.08727142017265231,0.2492736790254907,0.16253392063721642,0.1343874129862209,0.1289287902197234,0.33925717320867244,-0.12977383850676602,0.03460092697670047,-0.02791956746294176,-0.2050312944360481,-0.05831259062698178,-0.13307993318444447,-0.3527457862819561,-0.1252175949383816,0.0284264664937761,-0.04784860899704803,-0.3827002431174294,-0.012190581354119132,0.41263397019064435,0.6300740662271884,-0.31955608343068,-0.3597177226343168,-0.2938715610366968,-0.22062311530411083,-0.08032320142675939,-0.08596157816178793,-0.05526632168658623,-0.019959523843827386,0.010422780095095457,1.0,0.1227472987252516
reverify_after_last_edit,0.18108101062153184,0.3394979337955251,0.049575361659368676,0.01076501802263734,0.4960019725833763,0.5437366677184988,0.9568730040944934,0.5807185156882457,-0.15502739537735727,0.571250691655115,-0.2554530067677517,0.14920818925953994,0.4176589680923276,-0.16540516988955087,0.1091599894350739,0.040685781800096056,0.0395307059829624,-0.029415681690841244,-0.05176981792124505,-0.06210680440904904,-0.037932154332953896,0.013812460031303925,0.08574404859152603,0.04961203741577016,-0.0515318823717602,0.39974905413908335,-0.006532836811852648,0.35283926487743544,-0.3584904746361701,0.2608106078409875,0.37600808985248724,0.6081442336430809,-0.2942648046207467,0.5191310735125989,-0.14540085202336434,-0.0011911139211539829,-0.3470031226939995,-0.22574557492659172,-0.3341186241979125,-0.26149772329299636,-0.05041976547018797,-0.06652488215051836,0.49895898725415794,0.4097176483673315,0.44613615447953514,0.1227472987252516,1.0
