feature,nonzero_share,fire_share,fire_reliable,fire_unreliable,mean_reliable,mean_unreliable,auroc,auroc_ci_low,auroc_ci_high,working,strength,group
repeat_ratio_norm,0.651372957942301,0.651372957942301,0.6313265849760256,0.689,0.038767762955481844,0.04064341382565344,0.5277781033564198,0.5002986720778061,0.5580338518600771,True,0.027778103356419837,new
repeat_in_window_3,0.9245742092457421,0.9245742092457421,0.9419286094832179,0.892,0.12187598232148229,0.1230506187067114,0.503872136387853,0.4758571100549911,0.5321595880281554,True,0.003872136387852998,new
repeat_in_window_5,0.9443865137295794,0.9443865137295794,0.9653702717101759,0.905,0.1493891596379376,0.15220397188073448,0.5077045817794352,0.47871217249524795,0.5348008960718103,True,0.007704581779435227,new
repeat_in_window_10,0.9555092109836636,0.9555092109836636,0.9781566329248801,0.913,0.17789349731850154,0.18360449838913945,0.5141046883324454,0.4853614313175233,0.540765695039706,True,0.014104688332445381,new
max_run_length,1.0,0.651372957942301,0.6313265849760256,0.689,2.1587639850825786,2.313,0.5451438465636654,0.51737487930017,0.5743816864348101,True,0.045143846563665435,new
distinct_ratio,1.0,0.9916579770594369,0.9904102290889718,0.994,0.7734882683843797,0.7271281113402542,0.40332392115077254,0.37914979443031566,0.4310057695361526,True,0.09667607884922746,new
revisit_ratio,0.978449774070212,0.978449774070212,1.0,0.938,0.5707338381093909,0.5419455211781276,0.48593420351624933,0.45401087290532843,0.5145430134969611,True,0.01406579648375067,new
verify_fail_share,0.5397984011122697,0.5397984011122697,0.5604688332445391,0.501,0.259070491366814,0.2601080020905278,0.48464917421417153,0.46025956344222085,0.5076856972439743,True,0.01535082578582847,new
phase_trigram_entropy,0.9781021897810219,0.9781021897810219,1.0,0.937,0.5843345162089221,0.5235095985589405,0.4181132125732552,0.39443573287499367,0.4413158813349766,True,0.08188678742674482,new
bg_edit_edit,0.5589155370177268,0.5589155370177268,0.5460841768779968,0.583,0.036730792503749214,0.04255293121719691,0.522342567927544,0.5010783721879788,0.5438479849752084,True,0.022342567927543966,new
bg_edit_verify,0.4289190128606187,0.4289190128606187,0.4539158231220032,0.382,0.023033444099977644,0.014785025166286707,0.44790436867341504,0.42560471494121993,0.4702245401561811,True,0.05209563132658496,new
bg_edit_other,0.9739311783107404,0.9739311783107404,0.9952051145444859,0.934,0.15654560773355933,0.1551250037486226,0.5041627597229622,0.4798172697534932,0.5309684603494376,True,0.004162759722962206,new
bg_verify_edit,0.40771637122002086,0.40771637122002086,0.4299413958444326,0.366,0.01764850832268318,0.011555918465738156,0.4528833244539158,0.4313453340335502,0.4736336658634967,True,0.047116675546084175,new
bg_verify_verify,0.44629822732012514,0.44629822732012514,0.47522642514651037,0.392,0.026936270922685714,0.01922072536870573,0.4474837506659563,0.42310964349357744,0.4698181949361461,True,0.052516249334043696,new
bg_verify_other,0.7281890858533194,0.7281890858533194,0.770378263185935,0.649,0.044135503425049794,0.029102985201305272,0.39033324453915824,0.36644959791336296,0.41582509858781685,True,0.10966675546084176,new
bg_other_edit,0.9777546054918318,0.9777546054918318,1.0,0.936,0.1614701024169454,0.158115039021296,0.4993830580713905,0.47534382933878344,0.526022172710645,True,0.0006169419286095046,new
bg_other_verify,0.700034758428919,0.700034758428919,0.7432072456046883,0.619,0.03875056764775533,0.025873878500756724,0.39143979754928077,0.3678365571846778,0.41454513282659405,True,0.10856020245071923,new
bg_other_other,1.0,1.0,1.0,1.0,0.49474920292759433,0.5436684933100919,0.5655892381459776,0.5386727405578067,0.5916138977489712,True,0.06558923814597761,new
tg_other_other_other,0.9708029197080292,0.9708029197080292,0.9893446989877464,0.936,0.36070265880243163,0.3667741105724583,0.515606020245072,0.483108896108536,0.5446266580451257,True,0.015606020245071961,new
tg_other_edit_other,0.9579423010079945,0.9579423010079945,0.9792221630261055,0.918,0.13278723501058304,0.12962208896988114,0.49545231752797014,0.471062160467986,0.5224023267000242,True,0.004547682472029857,new
tg_other_other_edit,0.9770594369134515,0.9770594369134515,0.9989344698987747,0.936,0.10382152095062187,0.0988974878919252,0.4817517314864145,0.4557278470359833,0.5083753266698127,True,0.01824826851358552,new
tg_edit_other_other,0.9520333680917622,0.9520333680917622,0.9728289824187534,0.913,0.09473305351269622,0.09072950629538562,0.4871076185402238,0.4604304429517541,0.5143853398960362,True,0.012892381459776225,new
tg_edit_other_edit,0.7441779631560653,0.7441779631560653,0.7378795950985615,0.756,0.05551985206497934,0.057612386398238936,0.5149802876931273,0.4933848118550568,0.5375219740567871,True,0.014980287693127314,new
tg_other_edit_edit,0.529718456725756,0.529718456725756,0.5114544485881726,0.564,0.021866430548720287,0.02456630899990877,0.5261750133191263,0.5049965753972907,0.5473682863771809,True,0.026175013319126306,new
tg_edit_edit_other,0.5304136253041363,0.5304136253041363,0.514118273841236,0.561,0.0219803853784335,0.02459158760659607,0.5243758657432073,0.5034528302413204,0.5459108175482511,True,0.02437586574320727,new
tg_verify_other_other,0.6141814389989573,0.6141814389989573,0.6563665423548215,0.535,0.026002625154832155,0.016352542725804716,0.40178369738945124,0.37819751330074974,0.42585283330300416,True,0.09821630261054876,new
tg_other_verify_other,0.5693430656934306,0.5693430656934306,0.6052210974960043,0.502,0.02238820773249345,0.014683603374621101,0.4128505594033031,0.3914306324505597,0.43607869029415863,True,0.08714944059669688,new
tg_other_other_verify,0.5335418839068474,0.5335418839068474,0.5748534896110815,0.456,0.021346404999784595,0.01315985606075984,0.4094379328716036,0.3871351433597385,0.43140050718873385,True,0.09056206712839637,new
max_phase_run,1.0,1.0,1.0,1.0,11.575386254661694,13.606,0.5638974427277571,0.5302098183345586,0.5989795071137884,True,0.0638974427277571,new
reverify_after_last_edit,0.44907890163364617,0.44907890163364617,0.48268513585508793,0.386,0.48268513585508793,0.386,0.45165743207245607,0.42790402215504036,0.47440817407873503,True,0.048342567927543934,new
has_any_verification,0.7681612791101842,0.7681612791101842,0.8087373468300479,0.692,0.8087373468300479,0.692,0.441631326584976,0.4237210054797429,0.45930123515585275,True,0.058368673415024,e5
n_verifications,0.7681612791101842,0.7681612791101842,0.8087373468300479,0.692,4.955247735748535,4.495,0.4423867874267448,0.41491257948885496,0.4685831489574075,True,0.05761321257325519,e5
verif_after_last_edit,0.47097671185262424,0.47097671185262424,0.5093233883857219,0.399,0.5093233883857219,0.399,0.44483830580713907,0.4223507193324351,0.46690040460277865,True,0.05516169419286093,e5
n_verif_after_last_edit,0.47097671185262424,0.47097671185262424,0.5093233883857219,0.399,1.207778369738945,0.959,0.4386225359616409,0.4149419006742923,0.46186633122631415,True,0.061377464038359086,e5
verified_before_first_edit,0.009037191518943343,0.009037191518943343,0.009057005860415556,0.009,0.009057005860415556,0.009,0.4999714970697922,0.49590854410385493,0.5039415799982809,False,2.8502930207785493e-05,e5
n_steps_after_last_edit,0.9986096628432395,0.9986096628432395,0.9994672349493873,0.997,5.738945125199787,4.77,0.42064118273841233,0.39797291770743026,0.4417619164488296,True,0.07935881726158767,e5
share_edit,0.9781021897810219,0.9781021897810219,1.0,0.937,0.21011079328693202,0.20764215160967794,0.49809456579648376,0.4740884341325849,0.5232517260711925,True,0.001905434203516243,e5
share_verify,0.7608620090371915,0.7608620090371915,0.8023441662226958,0.683,0.08660087775486532,0.05877047264875427,0.39236654235482155,0.3678179638663776,0.41781988399157044,True,0.10763345764517845,e5
share_other,1.0,1.0,1.0,1.0,0.7032883289582026,0.7335873757415677,0.5625436867341502,0.5363232208460288,0.5877357430939012,True,0.06254368673415023,e5
n_transitions,0.9781021897810219,0.9781021897810219,1.0,0.937,21.468300479488544,25.728,0.5542538625466169,0.5261206719243461,0.5797961627089901,True,0.054253862546616904,e5
phase_bigram_entropy,0.9781021897810219,0.9781021897810219,1.0,0.937,0.6238536991480086,0.5550733106115909,0.413335641981886,0.38910440424458875,0.4375488597138083,True,0.08666435801811401,e5
share_before_first_edit,0.9902676399026764,0.9902676399026764,0.9877464038359084,0.995,0.1847468603813569,0.24573225277415353,0.522658231220032,0.4928422914806179,0.5539248843556414,True,0.022658231220031966,e5
repeat_ratio,0.08411539798401112,0.08411539798401112,0.0761854022376132,0.099,0.003498875640181179,0.004073360671782151,0.5108050079914758,0.5005427912321173,0.5212725596422925,True,0.010805007991475768,e5
distinct_cmd_ratio,1.0,0.9457768508863399,0.9408630793819925,0.955,0.8793065048836675,0.8374067424958826,0.4244238145977624,0.40209228777845113,0.4487607733489381,True,0.0755761854022376,e5
nonzero_rc_share,0.8974626346889121,0.8974626346889121,0.9136920618007459,0.867,0.10387678075684378,0.09939398080353476,0.4835186467767714,0.4558147929127337,0.5098137830775753,True,0.01648135322322858,e5
n_files_edited,0.9774070212026417,0.9774070212026417,1.0,0.935,7.193926478423015,8.709,0.5525610015982951,0.5254363356514786,0.5748821345750641,True,0.05256100159829513,e5
n_file_switches,0.9068474104970455,0.9068474104970455,0.9275439531166756,0.868,6.8151305274374,8.837,0.5631792754395312,0.5347962344139969,0.5868472599546929,True,0.06317927543953117,e5
