model_name,budget,checked,found,wasted,random_found,precision,precision_ci_low,precision_ci_high,recall,recall_ci_low,recall_ci_high,lift,lift_ci_low,lift_ci_high,d_precision_vs_main,d_precision_ci_low,d_precision_ci_high
M_len,0.05,147,106,41,51.09489051094891,0.7210884353741497,0.6363329238329238,0.7891156462585034,0.106,0.09200389978833533,0.11740991616629985,2.0745714285714287,1.8086697543824968,2.305726351553824,-0.07482993197278909,-0.15173898150262613,-0.013513513513513487
M_len,0.1,290,182,108,100.7994438651373,0.6275862068965518,0.5613990332975295,0.6860169340357469,0.182,0.1640234058266434,0.20063392146208603,1.8055655172413794,1.6293943611900077,1.9917161537426376,-0.06551724137931036,-0.1107475764354959,-0.01704363753520132
M_len,0.2,578,314,264,200.90371915189434,0.5432525951557093,0.4897959183673469,0.596885813148789,0.314,0.2901534628010916,0.34218420384618753,1.5629377162629756,1.445167484952644,1.703730938936959,-0.04671280276816614,-0.07760483855890216,-0.007038314222685505
M_E5,0.05,147,118,29,51.09489051094891,0.8027210884353742,0.7094594594594594,0.8601641414141413,0.118,0.10245536724207183,0.13034303160919541,2.309428571428571,2.016818532079062,2.5623999808295594,0.006802721088435382,-0.0482758620689655,0.03401360544217691
M_E5,0.1,290,195,95,100.7994438651373,0.6724137931034483,0.6193108520309129,0.7491506968641114,0.195,0.17827715659266463,0.21917842811678426,1.9345344827586206,1.7736727045150817,2.17783825894098,-0.020689655172413834,-0.04167029616724746,0.026949911485993936
M_E5,0.2,578,333,245,200.90371915189434,0.5761245674740484,0.517461391498169,0.6258662208516683,0.333,0.3047074095619762,0.3583414804469274,1.657510380622837,1.5181504969615585,1.7858337582922432,-0.01384083044982709,-0.0370436155516085,0.008788121119697028
M_E6_main,0.05,147,117,30,51.09489051094891,0.7959183673469388,0.7123057828445343,0.8666887417218543,0.117,0.1030093342451619,0.13097977177290823,2.2898571428571426,2.0241038964173557,2.570236963316508,0.0,0.0,0.0
M_E6_main,0.1,290,201,89,100.7994438651373,0.6931034482758621,0.6280478635613423,0.755936337329475,0.201,0.18205873578653975,0.2200861266294227,1.9940586206896551,1.8059544747904501,2.186727614660969,0.0,0.0,0.0
M_E6_main,0.2,578,341,237,200.90371915189434,0.5899653979238755,0.5334476843910806,0.6416466523406228,0.341,0.3127565372875951,0.3672930283224401,1.6973304498269897,1.5581894257084805,1.8298656757477942,0.0,0.0,0.0
