feature,vif_full,vif_clean
bg_edit_edit,inf,
bg_edit_other,inf,
bg_edit_verify,inf,10.863211741313805
bg_other_edit,inf,
bg_other_other,inf,
bg_other_verify,inf,
bg_verify_edit,inf,8.976272788026154
bg_verify_other,inf,20.925718464862957
bg_verify_verify,inf,4.232120859842195
distinct_ratio,7.250432716692236,6.759576716705043
has_any_verification,4.562726905880218,4.010053916978509
max_phase_run,4.50534584875845,3.8718800318683875
max_run_length,3.387326470479098,1.5809370730481618
n_edits,25.48054430013673,13.471267628107826
n_file_switches,19.061832611469054,3.663741002678863
n_files_edited,16.349425705791436,
n_steps,25.060608994583834,16.313260382933024
n_transitions,35.59362845230767,
n_verif_after_last_edit,4.139336752494738,4.028052986123535
n_verifications,8.403927051481867,5.24373536900068
nonzero_rc_share,1.5358991236498338,1.484825762865243
phase_bigram_entropy,128.34518822215057,22.89553769879002
phase_trigram_entropy,103.62300443768721,
repeat_in_window_10,20.391690777399162,7.475191954646355
repeat_in_window_3,12.442904495229094,
repeat_in_window_5,25.561585924739877,
repeat_ratio_norm,4.6412189278439575,
reverify_after_last_edit,13.564666910745167,
revisit_ratio,3.235532199576402,2.9793736731399982
seg_len_sent,1.9784338867804183,1.9638115583496871
seg_len_steps,3.9283245194217264,3.7698277028212392
share_before_first_edit,4.038424549647253,3.411882865079933
share_edit,inf,20.51369593121095
share_other,inf,
share_verify,inf,
tg_edit_edit_other,16.78002225655069,
tg_edit_other_edit,32.43531762025658,11.419966909249572
tg_edit_other_other,13.42553508936967,
tg_other_edit_edit,15.077068568822963,6.874966006527101
tg_other_edit_other,100.00953695605085,22.35906405382772
tg_other_other_edit,11.34167044996001,7.829417823412567
tg_other_other_other,7.175927925173509,6.188352096313918
tg_other_other_verify,4.649318551131012,3.1499120423077454
tg_other_verify_other,6.001015559600302,5.907786665558876
tg_verify_other_other,4.783942939238897,
verif_after_last_edit,13.781356672655408,2.4243496614643107
verify_fail_share,1.959707602233112,1.9041077083074143
