run_id,task_id,label,outer_fold,combo,p_base,p_full,p_chaos
20250726_mini-v1.0.0_gemini-2.5-pro/pydata__xarray-7229,pydata__xarray-7229,1,0,"('reason_sent', 'cos_task', 200, 4)",0.3734271083815024,0.3417874484523319,0.3540194401976141
20250726_mini-v1.0.0_gemini-2.5-pro/sphinx-doc__sphinx-11510,sphinx-doc__sphinx-11510,1,0,"('reason_sent', 'cos_task', 200, 4)",0.344144635063698,0.3404263612772261,0.36832984100683985
20250822_mini-v1.9.1_glm-4.5/django__django-11095,django__django-11095,0,0,"('reason_sent', 'cos_task', 200, 4)",0.4224350506040334,0.4554872446886006,0.40664214855510605
20250822_mini-v1.9.1_glm-4.5/django__django-11133,django__django-11133,0,0,"('reason_sent', 'cos_task', 200, 4)",0.3741608752863829,0.3838842262202916,0.3898267667601918
20250822_mini-v1.9.1_glm-4.5/django__django-12273,django__django-12273,1,0,"('reason_sent', 'cos_task', 200, 4)",0.39689423059112783,0.47231126394433404,0.44789989620533527
20250822_mini-v1.9.1_glm-4.5/django__django-14311,django__django-14311,0,0,"('reason_sent', 'cos_task', 200, 4)",0.444149442350172,0.4391416070799547,0.3797076999097633
20250822_mini-v1.9.1_glm-4.5/matplotlib__matplotlib-25775,matplotlib__matplotlib-25775,0,0,"('reason_sent', 'cos_task', 200, 4)",0.44756952444188824,0.4307976672333759,0.3732939084262875
20250929_mini-v1.13.3_sonnet-4-5-20250929/django__django-12039,django__django-12039,0,0,"('reason_sent', 'cos_task', 200, 4)",0.40719181713432245,0.3906342010970657,0.37535632077910597
20250929_mini-v1.13.3_sonnet-4-5-20250929/sphinx-doc__sphinx-8621,sphinx-doc__sphinx-8621,0,0,"('reason_sent', 'cos_task', 200, 4)",0.3469377913075904,0.3540768297020713,0.38809042595995286
20250929_mini-v1.13.3_sonnet-4-5-20250929/sympy__sympy-20428,sympy__sympy-20428,1,0,"('reason_sent', 'cos_task', 200, 4)",0.457074336861282,0.4314137994039596,0.35928221417449324
20251118_mini-v1.15.0_gemini-3-pro-preview-20251118/astropy__astropy-12907,astropy__astropy-12907,0,0,"('reason_sent', 'cos_task', 200, 4)",0.30794881052247314,0.3046654938899465,0.38040535356319577
20251118_mini-v1.15.0_gemini-3-pro-preview-20251118/django__django-12304,django__django-12304,0,0,"('reason_sent', 'cos_task', 200, 4)",0.36143629007345396,0.38303795848084116,0.39941286262725145
20251118_mini-v1.15.0_gemini-3-pro-preview-20251118/django__django-13158,django__django-13158,0,0,"('reason_sent', 'cos_task', 200, 4)",0.38882090957117027,0.3811908279340508,0.3776430297300166
20251118_mini-v1.15.0_gemini-3-pro-preview-20251118/django__django-14311,django__django-14311,0,0,"('reason_sent', 'cos_task', 200, 4)",0.3331881944320943,0.32429633755359005,0.37284070153250753
20251118_mini-v1.15.0_gemini-3-pro-preview-20251118/django__django-15916,django__django-15916,1,0,"('reason_sent', 'cos_task', 200, 4)",0.33869482694901704,0.32244700018723765,0.36545700731714126
20251118_mini-v1.15.0_gemini-3-pro-preview-20251118/sympy__sympy-22080,sympy__sympy-22080,1,0,"('reason_sent', 'cos_task', 200, 4)",0.3608895897386878,0.3317982477866772,0.3577850092231803
20251124_mini-v1.17.0_minimax-m2/astropy__astropy-14369,astropy__astropy-14369,0,0,"('reason_sent', 'cos_task', 200, 4)",0.2783773347149316,0.24704364349330796,0.3563493287853832
20251124_mini-v1.17.0_minimax-m2/pytest-dev__pytest-7236,pytest-dev__pytest-7236,0,0,"('reason_sent', 'cos_task', 200, 4)",0.3970196678960057,0.39683957713654006,0.3551561924648411
20251124_mini-v1.17.0_minimax-m2/scikit-learn__scikit-learn-13439,scikit-learn__scikit-learn-13439,0,0,"('reason_sent', 'cos_task', 200, 4)",0.45228795432280466,0.44150608666728486,0.3747094896248486
20251124_mini-v1.17.0_minimax-m2/sphinx-doc__sphinx-7462,sphinx-doc__sphinx-7462,1,0,"('reason_sent', 'cos_task', 200, 4)",0.38137924567925047,0.41327915617786826,0.41574998655451917
20251124_mini-v1.17.0_minimax-m2/sympy__sympy-24539,sympy__sympy-24539,0,0,"('reason_sent', 'cos_task', 200, 4)",0.3327282827238517,0.32280020005284754,0.3761319688611182
20251201_mini-v1.17.1_glm-4.6/sphinx-doc__sphinx-8551,sphinx-doc__sphinx-8551,1,0,"('reason_sent', 'cos_task', 200, 4)",0.3514443298630359,0.379178494523246,0.38501284941324787
20251209_mini-v1.17.2_devstral-2512/django__django-12155,django__django-12155,0,0,"('reason_sent', 'cos_task', 200, 4)",0.27508534118918215,0.2728177464720717,0.37464755409008726
20251209_mini-v1.17.2_devstral-2512/django__django-15128,django__django-15128,1,0,"('reason_sent', 'cos_task', 200, 4)",0.4414340289781049,0.435627553947425,0.38000623027691566
20251209_mini-v1.17.2_devstral-2512/pytest-dev__pytest-7236,pytest-dev__pytest-7236,0,0,"('reason_sent', 'cos_task', 200, 4)",0.42182504581576463,0.3901846109742874,0.36016528646950857
20251209_mini-v1.17.2_devstral-2512/scikit-learn__scikit-learn-14983,scikit-learn__scikit-learn-14983,0,0,"('reason_sent', 'cos_task', 200, 4)",0.4919504246826317,0.4821969688227257,0.38768092113430724
20251209_mini-v1.17.2_devstral-2512/sphinx-doc__sphinx-9281,sphinx-doc__sphinx-9281,0,0,"('reason_sent', 'cos_task', 200, 4)",0.27375426538487335,0.26399487288373186,0.3910836027437732
20251209_mini-v1.17.2_devstral-2512/sympy__sympy-17630,sympy__sympy-17630,1,0,"('reason_sent', 'cos_task', 200, 4)",0.35132522166279784,0.3303373090410791,0.3643906927528094
20251209_mini-v1.17.2_devstral-2512/sympy__sympy-24213,sympy__sympy-24213,0,0,"('reason_sent', 'cos_task', 200, 4)",0.45774617424163416,0.4786412119037757,0.4166395183800672
20251209_mini-v1.17.2_devstral-small-2512/astropy__astropy-14309,astropy__astropy-14309,0,0,"('reason_sent', 'cos_task', 200, 4)",0.36404284089517586,0.4314235949501868,0.4572480226299506
20251209_mini-v1.17.2_devstral-small-2512/django__django-12262,django__django-12262,0,0,"('reason_sent', 'cos_task', 200, 4)",0.3349772112494057,0.36408616027906365,0.4221105752360485
20251209_mini-v1.17.2_devstral-small-2512/matplotlib__matplotlib-24149,matplotlib__matplotlib-24149,0,0,"('reason_sent', 'cos_task', 200, 4)",0.3805968401328553,0.38055281512326783,0.39418556196993954
20251209_mini-v1.17.2_devstral-small-2512/pydata__xarray-6599,pydata__xarray-6599,1,0,"('reason_sent', 'cos_task', 200, 4)",0.38329968996494374,0.43084271236997446,0.4272869228895442
20251209_mini-v1.17.2_devstral-small-2512/pydata__xarray-7229,pydata__xarray-7229,1,0,"('reason_sent', 'cos_task', 200, 4)",0.4516671641540306,0.42316770919756874,0.36070025672393796
20260217_mini-v2.0.0_gemini-3-flash-high/astropy__astropy-14369,astropy__astropy-14369,1,0,"('reason_sent', 'cos_task', 200, 4)",0.3747486116628276,0.3733163551370487,0.3716391156327087
20260217_mini-v2.0.0_gemini-3-flash-high/django__django-11999,django__django-11999,0,0,"('reason_sent', 'cos_task', 200, 4)",0.35485097575019836,0.3373775669324161,0.3555601148397197
20260217_mini-v2.0.0_gemini-3-flash-high/django__django-15503,django__django-15503,0,0,"('reason_sent', 'cos_task', 200, 4)",0.35509783681417184,0.360074633066351,0.3759724721066575
20260217_mini-v2.0.0_gemini-3-flash-high/scikit-learn__scikit-learn-11310,scikit-learn__scikit-learn-11310,0,0,"('reason_sent', 'cos_task', 200, 4)",0.353474985261648,0.34618498594673003,0.36509250781924096
20260217_mini-v2.0.0_gemini-3-flash-high/sphinx-doc__sphinx-10466,sphinx-doc__sphinx-10466,0,0,"('reason_sent', 'cos_task', 200, 4)",0.3528497232926275,0.35645459874653307,0.37840050843763423
20260217_mini-v2.0.0_gemini-3-flash-high/sympy__sympy-23534,sympy__sympy-23534,0,0,"('reason_sent', 'cos_task', 200, 4)",0.33626462785560773,0.31634058763902073,0.35488549009322695
20260226_mini-v2.0.0_gemini-3-pro-high/sphinx-doc__sphinx-9258,sphinx-doc__sphinx-9258,0,0,"('reason_sent', 'cos_task', 200, 4)",0.38203416305738663,0.3782071985168903,0.3634673689523241
20260226_mini-v2.0.0_gemini-3-pro-high/sympy__sympy-24539,sympy__sympy-24539,0,0,"('reason_sent', 'cos_task', 200, 4)",0.353474985261648,0.3451953695521912,0.3641016532822971
20260217_mini-v2.0.0_deepseek-3-2-high/astropy__astropy-14369,astropy__astropy-14369,1,0,"('reason_sent', 'cos_task', 200, 4)",0.35237990547218756,0.3151114894325342,0.3500204914047338
20260217_mini-v2.0.0_deepseek-3-2-high/pylint-dev__pylint-6386,pylint-dev__pylint-6386,0,0,"('reason_sent', 'cos_task', 200, 4)",0.3452816758400163,0.3103279089229769,0.34711200174759876
20260217_mini-v2.0.0_deepseek-3-2-high/scikit-learn__scikit-learn-14983,scikit-learn__scikit-learn-14983,0,0,"('reason_sent', 'cos_task', 200, 4)",0.3549653211572871,0.3206478280609943,0.3481330443916707
20260217_mini-v2.0.0_glm-5-high/django__django-12663,django__django-12663,0,0,"('reason_sent', 'cos_task', 200, 4)",0.4133064040504282,0.3799231665026227,0.3547656339737709
20260217_mini-v2.0.0_glm-5-high/sympy__sympy-15599,sympy__sympy-15599,0,0,"('reason_sent', 'cos_task', 200, 4)",0.31432703607711887,0.28422938699030803,0.352488547769055
20260217_mini-v2.0.0_kimi-k2-5-high/django__django-12406,django__django-12406,1,0,"('reason_sent', 'cos_task', 200, 4)",0.4421001528944203,0.41530996375807533,0.3626648134018511
20260217_mini-v2.0.0_minimax-2-5-high/django__django-14999,django__django-14999,0,0,"('reason_sent', 'cos_task', 200, 4)",0.42883466132141396,0.43905698768788215,0.39637511366121186
20260217_mini-v2.0.0_minimax-2-5-high/django__django-15916,django__django-15916,0,0,"('reason_sent', 'cos_task', 200, 4)",0.35405069413981227,0.3662171845834084,0.390857036793082
20260217_mini-v2.0.0_claude-4-5-sonnet-high/django__django-11999,django__django-11999,0,0,"('reason_sent', 'cos_task', 200, 4)",0.41493887771616833,0.4398421242707595,0.409641411671505
20260217_mini-v2.0.0_claude-4-5-sonnet-high/django__django-15128,django__django-15128,0,0,"('reason_sent', 'cos_task', 200, 4)",0.38036096661004687,0.3753379197947931,0.3747601350044474
20260217_mini-v2.0.0_claude-4-5-sonnet-high/pydata__xarray-7229,pydata__xarray-7229,1,0,"('reason_sent', 'cos_task', 200, 4)",0.4216110058920728,0.402633259965811,0.3632830710403391
20260217_mini-v2.0.0_claude-4-5-sonnet-high/pytest-dev__pytest-7982,pytest-dev__pytest-7982,0,0,"('reason_sent', 'cos_task', 200, 4)",0.39949751040113135,0.3882437442549499,0.3780149892682989
20260217_mini-v2.0.0_claude-4-5-sonnet-high/sphinx-doc__sphinx-8551,sphinx-doc__sphinx-8551,0,0,"('reason_sent', 'cos_task', 200, 4)",0.39734557473861953,0.4051045120231137,0.3839079558537418
20260217_mini-v2.0.0_claude-4-5-sonnet-high/sympy__sympy-13091,sympy__sympy-13091,0,0,"('reason_sent', 'cos_task', 200, 4)",0.42943850634557984,0.43930330470162354,0.39818367007098726
20260217_mini-v2.0.0_claude-4-5-sonnet-high/sympy__sympy-22080,sympy__sympy-22080,1,0,"('reason_sent', 'cos_task', 200, 4)",0.42550440534697853,0.39835585308306953,0.36082265288681226
20260217_mini-v2.0.0_claude-4-5-haiku-high/django__django-11133,django__django-11133,0,0,"('reason_sent', 'cos_task', 200, 4)",0.36850264519958714,0.33874106461253417,0.361248550415582
20260217_mini-v2.0.0_claude-4-5-haiku-high/django__django-12273,django__django-12273,1,0,"('reason_sent', 'cos_task', 200, 4)",0.3589531095492528,0.3549184783977897,0.3736523172484704
20260217_mini-v2.0.0_claude-4-5-haiku-high/pylint-dev__pylint-6386,pylint-dev__pylint-6386,1,0,"('reason_sent', 'cos_task', 200, 4)",0.41222876701004757,0.37288021899485213,0.34717775505688614
20260217_mini-v2.0.0_claude-4-5-haiku-high/scikit-learn__scikit-learn-12973,scikit-learn__scikit-learn-12973,0,0,"('reason_sent', 'cos_task', 200, 4)",0.4001558486758016,0.3677021237342496,0.3560748648407691
20260217_mini-v2.0.0_claude-4-5-haiku-high/scikit-learn__scikit-learn-25973,scikit-learn__scikit-learn-25973,0,0,"('reason_sent', 'cos_task', 200, 4)",0.41702390257979544,0.3812744852502083,0.3559965037565624
20260217_mini-v2.0.0_claude-4-5-haiku-high/sphinx-doc__sphinx-9258,sphinx-doc__sphinx-9258,1,0,"('reason_sent', 'cos_task', 200, 4)",0.4130893807065757,0.3847880364693158,0.363847676297554
20260217_mini-v2.0.0_claude-4-5-haiku-high/sympy__sympy-13798,sympy__sympy-13798,1,0,"('reason_sent', 'cos_task', 200, 4)",0.37449864959297524,0.39714692932530893,0.41203790737779217
20260217_mini-v2.0.0_claude-4-5-haiku-high/sympy__sympy-18211,sympy__sympy-18211,0,0,"('reason_sent', 'cos_task', 200, 4)",0.40086793973518975,0.3761110526696611,0.3679246438715996
20250726_mini-v1.0.0_gemini-2.5-pro/matplotlib__matplotlib-23412,matplotlib__matplotlib-23412,0,1,"('reason_sent', 'cos_task', 100, 4)",0.32760789659058887,0.3268619347621401,0.3794423970119163
20250726_mini-v1.0.0_gemini-2.5-pro/scikit-learn__scikit-learn-13124,scikit-learn__scikit-learn-13124,0,1,"('reason_sent', 'cos_task', 100, 4)",0.30902754690766593,0.29470930635972475,0.3668110988997027
20250822_mini-v1.9.1_glm-4.5/django__django-11265,django__django-11265,1,1,"('reason_sent', 'cos_task', 100, 4)",0.3852412386003827,0.4392627048686385,0.4301657827144448
20250822_mini-v1.9.1_glm-4.5/django__django-16145,django__django-16145,0,1,"('reason_sent', 'cos_task', 100, 4)",0.36440422815016016,0.38966039369044636,0.4012654656096136
20250929_mini-v1.13.3_sonnet-4-5-20250929/django__django-10914,django__django-10914,0,1,"('reason_sent', 'cos_task', 100, 4)",0.45738550134448247,0.42461268618341713,0.35425648129195364
20251118_mini-v1.15.0_gemini-3-pro-preview-20251118/django__django-13516,django__django-13516,0,1,"('reason_sent', 'cos_task', 100, 4)",0.31531629611257017,0.30992155634319635,0.3748955060848202
20251118_mini-v1.15.0_gemini-3-pro-preview-20251118/django__django-14155,django__django-14155,1,1,"('reason_sent', 'cos_task', 100, 4)",0.288488781796705,0.2945836327300296,0.3865274641525505
20251118_mini-v1.15.0_gemini-3-pro-preview-20251118/django__django-14376,django__django-14376,0,1,"('reason_sent', 'cos_task', 100, 4)",0.35277871725019383,0.3363644764509687,0.36226293673327015
20251118_mini-v1.15.0_gemini-3-pro-preview-20251118/django__django-16454,django__django-16454,0,1,"('reason_sent', 'cos_task', 100, 4)",0.3464903144117192,0.3336384785178878,0.36978822869137706
20251118_mini-v1.15.0_gemini-3-pro-preview-20251118/sympy__sympy-19495,sympy__sympy-19495,0,1,"('reason_sent', 'cos_task', 100, 4)",0.3228583600712041,0.32516039711037037,0.3803197197602588
20251124_mini-v1.17.0_minimax-m2/django__django-11728,django__django-11728,1,1,"('reason_sent', 'cos_task', 100, 4)",0.3271356836558777,0.3395214868522767,0.39391558812067384
20251124_mini-v1.17.0_minimax-m2/django__django-11964,django__django-11964,1,1,"('reason_sent', 'cos_task', 100, 4)",0.3785656547306615,0.3701204233411629,0.3738240258007955
20251124_mini-v1.17.0_minimax-m2/django__django-13512,django__django-13512,0,1,"('reason_sent', 'cos_task', 100, 4)",0.39309557121435657,0.375741081016983,0.36810011302137446
20251124_mini-v1.17.0_minimax-m2/django__django-14140,django__django-14140,0,1,"('reason_sent', 'cos_task', 100, 4)",0.3326040857321551,0.3292601717513496,0.37882041960255863
20251124_mini-v1.17.0_minimax-m2/matplotlib__matplotlib-24627,matplotlib__matplotlib-24627,0,1,"('reason_sent', 'cos_task', 100, 4)",0.4457084313635283,0.43251030957419145,0.3730684896400204
20251124_mini-v1.17.0_minimax-m2/pylint-dev__pylint-4551,pylint-dev__pylint-4551,1,1,"('reason_sent', 'cos_task', 100, 4)",0.31443640617479046,0.29212158100031826,0.3640149798252982
20251124_mini-v1.17.0_minimax-m2/scikit-learn__scikit-learn-14087,scikit-learn__scikit-learn-14087,1,1,"('reason_sent', 'cos_task', 100, 4)",0.3594592778305175,0.34843705784788453,0.3711573829682515
20251201_mini-v1.17.1_glm-4.6/django__django-13028,django__django-13028,0,1,"('reason_sent', 'cos_task', 100, 4)",0.4406354396222265,0.437779711613314,0.3770963503645172
20251201_mini-v1.17.1_glm-4.6/django__django-15037,django__django-15037,0,1,"('reason_sent', 'cos_task', 100, 4)",0.2670890696386818,0.2632909307835394,0.3725952844278661
20251201_mini-v1.17.1_glm-4.6/django__django-16454,django__django-16454,0,1,"('reason_sent', 'cos_task', 100, 4)",0.37353852409521443,0.3847346858512025,0.3928803121444203
20251201_mini-v1.17.1_glm-4.6/matplotlib__matplotlib-13989,matplotlib__matplotlib-13989,0,1,"('reason_sent', 'cos_task', 100, 4)",0.4213033934968254,0.425602555611372,0.3878146774165625
20251201_mini-v1.17.1_glm-4.6/sympy__sympy-12096,sympy__sympy-12096,0,1,"('reason_sent', 'cos_task', 100, 4)",0.451206830058669,0.4404997358035965,0.3708144917893974
20251201_mini-v1.17.1_glm-4.6/sympy__sympy-16450,sympy__sympy-16450,0,1,"('reason_sent', 'cos_task', 100, 4)",0.35511530610350206,0.34804908353841724,0.3758300486470717
20251209_mini-v1.17.2_devstral-2512/django__django-13344,django__django-13344,1,1,"('reason_sent', 'cos_task', 100, 4)",0.4760787807593397,0.48354140295197706,0.39551372125228323
20251209_mini-v1.17.2_devstral-2512/django__django-13346,django__django-13346,0,1,"('reason_sent', 'cos_task', 100, 4)",0.5358926514300129,0.5268620139261596,0.3842814851920217
20251209_mini-v1.17.2_devstral-2512/django__django-13821,django__django-13821,0,1,"('reason_sent', 'cos_task', 100, 4)",0.5290049350714423,0.5107147094677483,0.37388284511694986
20251209_mini-v1.17.2_devstral-2512/django__django-15731,django__django-15731,0,1,"('reason_sent', 'cos_task', 100, 4)",0.26547301406201546,0.26946541250513206,0.38497591838068407
20251209_mini-v1.17.2_devstral-2512/scikit-learn__scikit-learn-14087,scikit-learn__scikit-learn-14087,0,1,"('reason_sent', 'cos_task', 100, 4)",0.3636669610713742,0.36587806151279473,0.3831505538472336
20251209_mini-v1.17.2_devstral-small-2512/django__django-10880,django__django-10880,1,1,"('reason_sent', 'cos_task', 100, 4)",0.3646468098680973,0.5203498989751765,0.521061904694171
20251209_mini-v1.17.2_devstral-small-2512/matplotlib__matplotlib-25960,matplotlib__matplotlib-25960,1,1,"('reason_sent', 'cos_task', 100, 4)",0.43772727172189424,0.42675977697966105,0.3654782908506539
20251209_mini-v1.17.2_devstral-small-2512/pydata__xarray-3305,pydata__xarray-3305,0,1,"('reason_sent', 'cos_task', 100, 4)",0.43532857800230174,0.4395073057963272,0.3907172986757948
20260217_mini-v2.0.0_gemini-3-flash-high/django__django-11163,django__django-11163,0,1,"('reason_sent', 'cos_task', 100, 4)",0.34389073382920066,0.3443088616065388,0.37639698694202633
20260217_mini-v2.0.0_gemini-3-flash-high/django__django-13012,django__django-13012,0,1,"('reason_sent', 'cos_task', 100, 4)",0.3623902556796689,0.34954554998410253,0.36766397513678933
20260217_mini-v2.0.0_gemini-3-flash-high/django__django-13028,django__django-13028,0,1,"('reason_sent', 'cos_task', 100, 4)",0.3495561158433571,0.3289386877315983,0.36290814910380564
20260217_mini-v2.0.0_gemini-3-flash-high/pylint-dev__pylint-8898,pylint-dev__pylint-8898,1,1,"('reason_sent', 'cos_task', 100, 4)",0.3635944992046453,0.36371553598653567,0.37601695573054883
20260217_mini-v2.0.0_gemini-3-flash-high/sphinx-doc__sphinx-9698,sphinx-doc__sphinx-9698,0,1,"('reason_sent', 'cos_task', 100, 4)",0.3523823696530977,0.34363290910281213,0.37080130368249553
20260217_mini-v2.0.0_gemini-3-flash-high/sympy__sympy-19637,sympy__sympy-19637,0,1,"('reason_sent', 'cos_task', 100, 4)",0.3351932554529069,0.35343853569345796,0.39554189825424696
20260217_mini-v2.0.0_gemini-3-flash-high/sympy__sympy-20916,sympy__sympy-20916,1,1,"('reason_sent', 'cos_task', 100, 4)",0.33627927630762416,0.3177191634050137,0.36413485827390113
20260226_mini-v2.0.0_gemini-3-pro-high/astropy__astropy-13579,astropy__astropy-13579,0,1,"('reason_sent', 'cos_task', 100, 4)",0.3594372190392729,0.3507678986268007,0.3727362196344358
20260226_mini-v2.0.0_gemini-3-pro-high/matplotlib__matplotlib-23412,matplotlib__matplotlib-23412,0,1,"('reason_sent', 'cos_task', 100, 4)",0.3512718671343911,0.3434771864314725,0.3694446689627277
20260226_mini-v2.0.0_gemini-3-pro-high/matplotlib__matplotlib-23476,matplotlib__matplotlib-23476,1,1,"('reason_sent', 'cos_task', 100, 4)",0.3586895713172289,0.36489954930970164,0.3805955107031002
20260226_mini-v2.0.0_gemini-3-pro-high/sympy__sympy-15976,sympy__sympy-15976,0,1,"('reason_sent', 'cos_task', 100, 4)",0.35166609655065817,0.33451302441025915,0.3640632660392382
20260217_mini-v2.0.0_deepseek-3-2-high/sympy__sympy-19637,sympy__sympy-19637,0,1,"('reason_sent', 'cos_task', 100, 4)",0.33105880301245366,0.3122589553777855,0.3637344218214253
20260217_mini-v2.0.0_glm-5-high/django__django-11299,django__django-11299,0,1,"('reason_sent', 'cos_task', 100, 4)",0.3708615757122622,0.36521949736681364,0.37914751589772283
20260217_mini-v2.0.0_glm-5-high/django__django-15863,django__django-15863,0,1,"('reason_sent', 'cos_task', 100, 4)",0.32445808317313585,0.31139380775149805,0.3697651140104648
20260217_mini-v2.0.0_glm-5-high/django__django-16454,django__django-16454,1,1,"('reason_sent', 'cos_task', 100, 4)",0.4086050401677934,0.4502969914779842,0.42189671879566765
20260217_mini-v2.0.0_kimi-k2-5-high/pylint-dev__pylint-8898,pylint-dev__pylint-8898,1,1,"('reason_sent', 'cos_task', 100, 4)",0.4389529922178751,0.4301438157609412,0.37687153639455423
20260217_mini-v2.0.0_kimi-k2-5-high/pytest-dev__pytest-10081,pytest-dev__pytest-10081,0,1,"('reason_sent', 'cos_task', 100, 4)",0.41338842678679516,0.39843488257669485,0.37132281227526304
20260217_mini-v2.0.0_minimax-2-5-high/django__django-11087,django__django-11087,1,1,"('reason_sent', 'cos_task', 100, 4)",0.370316595820783,0.3537844191642102,0.3675616172583405
20260217_mini-v2.0.0_minimax-2-5-high/django__django-13417,django__django-13417,0,1,"('reason_sent', 'cos_task', 100, 4)",0.4159507072213588,0.4030733441514336,0.36891186914967905
20260217_mini-v2.0.0_minimax-2-5-high/matplotlib__matplotlib-22865,matplotlib__matplotlib-22865,0,1,"('reason_sent', 'cos_task', 100, 4)",0.39019116458024894,0.38538290698292055,0.3746871048430423
20260217_mini-v2.0.0_minimax-2-5-high/pydata__xarray-7233,pydata__xarray-7233,0,1,"('reason_sent', 'cos_task', 100, 4)",0.3262302381493656,0.3454415143031483,0.4003188173956742
20260217_mini-v2.0.0_minimax-2-5-high/sympy__sympy-15976,sympy__sympy-15976,0,1,"('reason_sent', 'cos_task', 100, 4)",0.339217317925723,0.32990633782131945,0.3751612805529759
20260217_mini-v2.0.0_claude-4-5-sonnet-high/django__django-11734,django__django-11734,1,1,"('reason_sent', 'cos_task', 100, 4)",0.4446382409278543,0.45818511715785937,0.38984004854200044
20260217_mini-v2.0.0_claude-4-5-sonnet-high/django__django-14140,django__django-14140,0,1,"('reason_sent', 'cos_task', 100, 4)",0.33480799470379546,0.3166765728477456,0.36501343617897203
20260217_mini-v2.0.0_claude-4-5-sonnet-high/sympy__sympy-18199,sympy__sympy-18199,1,1,"('reason_sent', 'cos_task', 100, 4)",0.38715217025679755,0.37461771870153565,0.3680852394512134
20260217_mini-v2.0.0_claude-4-5-sonnet-high/sympy__sympy-20916,sympy__sympy-20916,1,1,"('reason_sent', 'cos_task', 100, 4)",0.3676077566926477,0.3489951314319271,0.36563683273036934
20260217_mini-v2.0.0_claude-4-5-haiku-high/django__django-13344,django__django-13344,1,1,"('reason_sent', 'cos_task', 100, 4)",0.4068880224181541,0.39127310460679127,0.3657603938583264
20260217_mini-v2.0.0_claude-4-5-haiku-high/sympy__sympy-12481,sympy__sympy-12481,0,1,"('reason_sent', 'cos_task', 100, 4)",0.4075844844691592,0.38699401014517837,0.3673777872896416
20250726_mini-v1.0.0_gemini-2.5-pro/django__django-12419,django__django-12419,0,2,"('reason_sent', 'cos_task', 200, 4)",0.31459482312254633,0.32376776341067925,0.3717058811835907
20250726_mini-v1.0.0_gemini-2.5-pro/django__django-13658,django__django-13658,0,2,"('reason_sent', 'cos_task', 200, 4)",0.2690120206750553,0.2905246147432549,0.39257336531046105
20250726_mini-v1.0.0_gemini-2.5-pro/django__django-14725,django__django-14725,1,2,"('reason_sent', 'cos_task', 200, 4)",0.35979736832153725,0.3556565956337519,0.3590239130485619
20250726_mini-v1.0.0_gemini-2.5-pro/pydata__xarray-3677,pydata__xarray-3677,0,2,"('reason_sent', 'cos_task', 200, 4)",0.2991462976738754,0.3029283509111976,0.36945910763788364
20250822_mini-v1.9.1_glm-4.5/django__django-12193,django__django-12193,1,2,"('reason_sent', 'cos_task', 200, 4)",0.3724157961228293,0.47944893056444116,0.4689081744739603
20250822_mini-v1.9.1_glm-4.5/django__django-13401,django__django-13401,0,2,"('reason_sent', 'cos_task', 200, 4)",0.35609476755865765,0.3637848441749658,0.372850614804668
20250822_mini-v1.9.1_glm-4.5/django__django-15554,django__django-15554,1,2,"('reason_sent', 'cos_task', 200, 4)",0.3984344516566565,0.5661875079685169,0.5216131188645204
20250822_mini-v1.9.1_glm-4.5/django__django-15563,django__django-15563,1,2,"('reason_sent', 'cos_task', 200, 4)",0.38682269242434614,0.5995827012061411,0.5707898143976938
20250929_mini-v1.13.3_sonnet-4-5-20250929/django__django-12193,django__django-12193,0,2,"('reason_sent', 'cos_task', 200, 4)",0.4252371963116943,0.43874941033289294,0.3843600106523416
20250929_mini-v1.13.3_sonnet-4-5-20250929/django__django-14122,django__django-14122,0,2,"('reason_sent', 'cos_task', 200, 4)",0.4211226668989069,0.46761322444212616,0.4150522591726678
20250929_mini-v1.13.3_sonnet-4-5-20250929/django__django-15563,django__django-15563,0,2,"('reason_sent', 'cos_task', 200, 4)",0.40964654516787086,0.3930050607852914,0.3518634731592985
20250929_mini-v1.13.3_sonnet-4-5-20250929/django__django-16263,django__django-16263,1,2,"('reason_sent', 'cos_task', 200, 4)",0.3072988789331776,0.292217666254776,0.3484601824335186
20250929_mini-v1.13.3_sonnet-4-5-20250929/psf__requests-1724,psf__requests-1724,1,2,"('reason_sent', 'cos_task', 200, 4)",0.421144591944774,0.3986536621582105,0.347335117996117
20250929_mini-v1.13.3_sonnet-4-5-20250929/sphinx-doc__sphinx-8056,sphinx-doc__sphinx-8056,1,2,"('reason_sent', 'cos_task', 200, 4)",0.3973942150067165,0.4004569986098463,0.3701162151139692
20251118_mini-v1.15.0_gemini-3-pro-preview-20251118/django__django-14349,django__django-14349,0,2,"('reason_sent', 'cos_task', 200, 4)",0.3133029278798344,0.310742304505772,0.3580418558068408
20251118_mini-v1.15.0_gemini-3-pro-preview-20251118/django__django-15103,django__django-15103,0,2,"('reason_sent', 'cos_task', 200, 4)",0.340450423134401,0.38572258769247475,0.40698899269449973
20251118_mini-v1.15.0_gemini-3-pro-preview-20251118/psf__requests-5414,psf__requests-5414,0,2,"('reason_sent', 'cos_task', 200, 4)",0.31104624764919453,0.2917475963916457,0.3464902308099459
20251118_mini-v1.15.0_gemini-3-pro-preview-20251118/sympy__sympy-13974,sympy__sympy-13974,0,2,"('reason_sent', 'cos_task', 200, 4)",0.32821023302822033,0.3201122053062818,0.35419540441905417
20251118_mini-v1.15.0_gemini-3-pro-preview-20251118/sympy__sympy-22714,sympy__sympy-22714,0,2,"('reason_sent', 'cos_task', 200, 4)",0.3135072762854209,0.30539892124634777,0.3592543168783903
20251124_mini-v1.17.0_minimax-m2/django__django-13109,django__django-13109,0,2,"('reason_sent', 'cos_task', 200, 4)",0.40538631960947535,0.3905888686764904,0.34891456243038493
20251124_mini-v1.17.0_minimax-m2/django__django-13212,django__django-13212,1,2,"('reason_sent', 'cos_task', 200, 4)",0.42810514739163297,0.43576853350942163,0.37206571898687857
20251124_mini-v1.17.0_minimax-m2/django__django-14017,django__django-14017,0,2,"('reason_sent', 'cos_task', 200, 4)",0.35954374824633906,0.359316573796838,0.3575873740844397
20251201_mini-v1.17.1_glm-4.6/matplotlib__matplotlib-20488,matplotlib__matplotlib-20488,1,2,"('reason_sent', 'cos_task', 200, 4)",0.3746760960828771,0.37612690728887505,0.36715451255736353
20251201_mini-v1.17.1_glm-4.6/scikit-learn__scikit-learn-12682,scikit-learn__scikit-learn-12682,1,2,"('reason_sent', 'cos_task', 200, 4)",0.4335208671572023,0.41893386864298177,0.35274887055307846
20251201_mini-v1.17.1_glm-4.6/sympy__sympy-15349,sympy__sympy-15349,0,2,"('reason_sent', 'cos_task', 200, 4)",0.3433581626175949,0.360042702683345,0.38162993114760924
20251209_mini-v1.17.2_devstral-2512/scikit-learn__scikit-learn-12682,scikit-learn__scikit-learn-12682,1,2,"('reason_sent', 'cos_task', 200, 4)",0.42429386819288295,0.45601832681492693,0.3970347546344751
20251209_mini-v1.17.2_devstral-small-2512/django__django-14238,django__django-14238,0,2,"('reason_sent', 'cos_task', 200, 4)",0.3654566590448212,0.3825260324790698,0.3931905236157226
20251209_mini-v1.17.2_devstral-small-2512/django__django-14725,django__django-14725,1,2,"('reason_sent', 'cos_task', 200, 4)",0.33390262489111616,0.35986477323137384,0.40084695930300257
20251209_mini-v1.17.2_devstral-small-2512/sympy__sympy-21596,sympy__sympy-21596,1,2,"('reason_sent', 'cos_task', 200, 4)",0.37197739535535446,0.36379883857742945,0.3638580781914897
20260217_mini-v2.0.0_gemini-3-flash-high/django__django-11149,django__django-11149,0,2,"('reason_sent', 'cos_task', 200, 4)",0.34724904297272363,0.33142101913423583,0.3400805499035807
20260217_mini-v2.0.0_gemini-3-flash-high/django__django-14170,django__django-14170,1,2,"('reason_sent', 'cos_task', 200, 4)",0.3374902721977694,0.3268733553363216,0.34949180171888455
20260217_mini-v2.0.0_gemini-3-flash-high/sphinx-doc__sphinx-7889,sphinx-doc__sphinx-7889,0,2,"('reason_sent', 'cos_task', 200, 4)",0.3340305665439943,0.3536928549759589,0.3768101352200836
20260226_mini-v2.0.0_gemini-3-pro-high/django__django-13212,django__django-13212,1,2,"('reason_sent', 'cos_task', 200, 4)",0.34521724240959534,0.3504781581743045,0.36301774799181447
20260226_mini-v2.0.0_gemini-3-pro-high/pydata__xarray-4966,pydata__xarray-4966,0,2,"('reason_sent', 'cos_task', 200, 4)",0.35057386249816935,0.3592091069695679,0.3662400286020211
20260226_mini-v2.0.0_gemini-3-pro-high/pytest-dev__pytest-6197,pytest-dev__pytest-6197,1,2,"('reason_sent', 'cos_task', 200, 4)",0.36569881869884474,0.3611673277170931,0.3509594499553401
20260226_mini-v2.0.0_gemini-3-pro-high/scikit-learn__scikit-learn-11578,scikit-learn__scikit-learn-11578,0,2,"('reason_sent', 'cos_task', 200, 4)",0.3538572968989382,0.35820664360263005,0.35978125790446003
20260217_mini-v2.0.0_deepseek-3-2-high/django__django-11179,django__django-11179,0,2,"('reason_sent', 'cos_task', 200, 4)",0.34910601123908175,0.34266782225305886,0.3578198765750842
20260217_mini-v2.0.0_deepseek-3-2-high/pytest-dev__pytest-7205,pytest-dev__pytest-7205,1,2,"('reason_sent', 'cos_task', 200, 4)",0.34266087791199085,0.32439775920929403,0.3467751743957466
20260217_mini-v2.0.0_glm-5-high/pydata__xarray-2905,pydata__xarray-2905,0,2,"('reason_sent', 'cos_task', 200, 4)",0.7666588161711604,0.7761549278356268,0.4064862571679956
20260217_mini-v2.0.0_glm-5-high/sympy__sympy-22714,sympy__sympy-22714,0,2,"('reason_sent', 'cos_task', 200, 4)",0.3351699222479085,0.34094268746914025,0.3773693244510601
20260217_mini-v2.0.0_minimax-2-5-high/django__django-13212,django__django-13212,1,2,"('reason_sent', 'cos_task', 200, 4)",0.3844867624382078,0.4010940793184323,0.3831643107884255
20260217_mini-v2.0.0_minimax-2-5-high/django__django-13809,django__django-13809,0,2,"('reason_sent', 'cos_task', 200, 4)",0.3774336234999578,0.3638569328083765,0.35405561771529337
20260217_mini-v2.0.0_minimax-2-5-high/django__django-14170,django__django-14170,1,2,"('reason_sent', 'cos_task', 200, 4)",0.38239152357777345,0.36908280074227207,0.35213394134685627
20260217_mini-v2.0.0_minimax-2-5-high/scikit-learn__scikit-learn-25931,scikit-learn__scikit-learn-25931,0,2,"('reason_sent', 'cos_task', 200, 4)",0.3994296632457218,0.4074576002796649,0.37421199267619587
20260217_mini-v2.0.0_minimax-2-5-high/sphinx-doc__sphinx-8593,sphinx-doc__sphinx-8593,0,2,"('reason_sent', 'cos_task', 200, 4)",0.4237469809283811,0.3916749753627129,0.3391560924101772
20260217_mini-v2.0.0_minimax-2-5-high/sympy__sympy-20801,sympy__sympy-20801,0,2,"('reason_sent', 'cos_task', 200, 4)",0.38142190764088374,0.3637107552546349,0.3521181429705977
20260217_mini-v2.0.0_claude-4-5-sonnet-high/sympy__sympy-13974,sympy__sympy-13974,1,2,"('reason_sent', 'cos_task', 200, 4)",0.34549744353493494,0.35530399203643676,0.37590211708909727
20260217_mini-v2.0.0_claude-4-5-haiku-high/django__django-13590,django__django-13590,0,2,"('reason_sent', 'cos_task', 200, 4)",0.32125520285174736,0.320364593451299,0.36748048106502856
20260217_mini-v2.0.0_claude-4-5-haiku-high/matplotlib__matplotlib-20488,matplotlib__matplotlib-20488,0,2,"('reason_sent', 'cos_task', 200, 4)",0.37080281724348496,0.3467240223886861,0.3441882139484138
20260217_mini-v2.0.0_claude-4-5-haiku-high/matplotlib__matplotlib-26291,matplotlib__matplotlib-26291,0,2,"('reason_sent', 'cos_task', 200, 4)",0.37159411272359616,0.356442377567469,0.3517141969253532
20260217_mini-v2.0.0_claude-4-5-haiku-high/psf__requests-2317,psf__requests-2317,0,2,"('reason_sent', 'cos_task', 200, 4)",0.3734118219269075,0.35812315358635716,0.3530658701952722
20250726_mini-v1.0.0_gemini-2.5-pro/django__django-11292,django__django-11292,0,3,"('reason_sent', 'cos_task', 100, 4)",0.30754568207674643,0.2754385446610417,0.3474511743971674
20250726_mini-v1.0.0_gemini-2.5-pro/django__django-13964,django__django-13964,1,3,"('reason_sent', 'cos_task', 100, 4)",0.35910804658291684,0.333324512175644,0.3538715739491323
20250726_mini-v1.0.0_gemini-2.5-pro/matplotlib__matplotlib-24026,matplotlib__matplotlib-24026,0,3,"('reason_sent', 'cos_task', 100, 4)",0.25862261504911366,0.22955864092493747,0.34675330271562144
20250726_mini-v1.0.0_gemini-2.5-pro/matplotlib__matplotlib-25479,matplotlib__matplotlib-25479,1,3,"('reason_sent', 'cos_task', 100, 4)",0.30251660904098127,0.27968779784552505,0.3537921807046008
20250822_mini-v1.9.1_glm-4.5/astropy__astropy-14508,astropy__astropy-14508,0,3,"('reason_sent', 'cos_task', 100, 4)",0.33727241414757153,0.3272250312384517,0.3744656331810316
20250822_mini-v1.9.1_glm-4.5/django__django-13933,django__django-13933,0,3,"('reason_sent', 'cos_task', 100, 4)",0.4110357731828906,0.8881492084954178,0.8768694308595513
20250929_mini-v1.13.3_sonnet-4-5-20250929/django__django-13128,django__django-13128,0,3,"('reason_sent', 'cos_task', 100, 4)",0.41864694184850393,0.37627511822510046,0.3481820951739125
20250929_mini-v1.13.3_sonnet-4-5-20250929/django__django-16560,django__django-16560,1,3,"('reason_sent', 'cos_task', 100, 4)",0.3842962254499933,0.3713653905723861,0.3771754631750457
20251118_mini-v1.15.0_gemini-3-pro-preview-20251118/astropy__astropy-14182,astropy__astropy-14182,1,3,"('reason_sent', 'cos_task', 100, 4)",0.2976336576274315,0.25951823841484695,0.34272540353892417
20251118_mini-v1.15.0_gemini-3-pro-preview-20251118/django__django-13343,django__django-13343,0,3,"('reason_sent', 'cos_task', 100, 4)",0.33375454287289197,0.32498638448250033,0.3767819539237292
20251118_mini-v1.15.0_gemini-3-pro-preview-20251118/django__django-13807,django__django-13807,0,3,"('reason_sent', 'cos_task', 100, 4)",0.32754892044684003,0.3293750660745128,0.38166277822638467
20251118_mini-v1.15.0_gemini-3-pro-preview-20251118/psf__requests-1766,psf__requests-1766,0,3,"('reason_sent', 'cos_task', 100, 4)",0.33470169258937327,0.3383255609466028,0.38602304551495825
20251118_mini-v1.15.0_gemini-3-pro-preview-20251118/pydata__xarray-6461,pydata__xarray-6461,0,3,"('reason_sent', 'cos_task', 100, 4)",0.32202837817466307,0.34870016372181967,0.40859085512472454
20251118_mini-v1.15.0_gemini-3-pro-preview-20251118/pytest-dev__pytest-7324,pytest-dev__pytest-7324,0,3,"('reason_sent', 'cos_task', 100, 4)",0.33498875335931433,0.29828368556614465,0.33788942304143754
20251118_mini-v1.15.0_gemini-3-pro-preview-20251118/sympy__sympy-13551,sympy__sympy-13551,0,3,"('reason_sent', 'cos_task', 100, 4)",0.29400933420676617,0.2520560848255256,0.3428543016213653
20251118_mini-v1.15.0_gemini-3-pro-preview-20251118/sympy__sympy-20438,sympy__sympy-20438,1,3,"('reason_sent', 'cos_task', 100, 4)",0.3806535024266076,0.3191799398372338,0.32718846090074954
20251124_mini-v1.17.0_minimax-m2/django__django-11119,django__django-11119,0,3,"('reason_sent', 'cos_task', 100, 4)",0.3136622118870163,0.3233063684508948,0.3933294382331501
20251124_mini-v1.17.0_minimax-m2/scikit-learn__scikit-learn-26194,scikit-learn__scikit-learn-26194,1,3,"('reason_sent', 'cos_task', 100, 4)",0.3698202240101846,0.3650535846507078,0.374446250759035
20251124_mini-v1.17.0_minimax-m2/sympy__sympy-13551,sympy__sympy-13551,0,3,"('reason_sent', 'cos_task', 100, 4)",0.29843189601010006,0.2960622583355148,0.38139201555362157
20251201_mini-v1.17.1_glm-4.6/django__django-16560,django__django-16560,1,3,"('reason_sent', 'cos_task', 100, 4)",0.4342387918306377,0.3958049564101845,0.3515327691537062
20251201_mini-v1.17.1_glm-4.6/psf__requests-1766,psf__requests-1766,1,3,"('reason_sent', 'cos_task', 100, 4)",0.339685430969645,0.38481850396439343,0.42543208516894393
20251201_mini-v1.17.1_glm-4.6/sphinx-doc__sphinx-8035,sphinx-doc__sphinx-8035,0,3,"('reason_sent', 'cos_task', 100, 4)",0.5216283396444132,0.5176555557602044,0.3831688177332467
20251209_mini-v1.17.2_devstral-2512/django__django-11066,django__django-11066,0,3,"('reason_sent', 'cos_task', 100, 4)",0.2535860726434812,0.3421942132861623,0.478580203719543
20251209_mini-v1.17.2_devstral-2512/django__django-14539,django__django-14539,0,3,"('reason_sent', 'cos_task', 100, 4)",0.2662022613787942,0.2301505029578924,0.35884020780656734
20251209_mini-v1.17.2_devstral-2512/django__django-15280,django__django-15280,0,3,"('reason_sent', 'cos_task', 100, 4)",0.5447194221328704,0.6880408100738151,0.5484804845763606
20251209_mini-v1.17.2_devstral-2512/scikit-learn__scikit-learn-26194,scikit-learn__scikit-learn-26194,1,3,"('reason_sent', 'cos_task', 100, 4)",0.2436871061834655,0.24718841382576093,0.38516101336515846
20251209_mini-v1.17.2_devstral-2512/sphinx-doc__sphinx-9711,sphinx-doc__sphinx-9711,0,3,"('reason_sent', 'cos_task', 100, 4)",0.23775191798018436,0.2396995591598234,0.3836502869882421
20251209_mini-v1.17.2_devstral-2512/sympy__sympy-17318,sympy__sympy-17318,1,3,"('reason_sent', 'cos_task', 100, 4)",0.35848507268950525,0.4415019039657498,0.4757658553367542
20251209_mini-v1.17.2_devstral-small-2512/django__django-11490,django__django-11490,0,3,"('reason_sent', 'cos_task', 100, 4)",0.5194923864116698,0.522046840723454,0.40057072258209864
20251209_mini-v1.17.2_devstral-small-2512/django__django-16429,django__django-16429,0,3,"('reason_sent', 'cos_task', 100, 4)",0.4280079647092306,0.3790853858115472,0.3469294154910474
20251209_mini-v1.17.2_devstral-small-2512/django__django-16631,django__django-16631,1,3,"('reason_sent', 'cos_task', 100, 4)",0.42146774836210826,0.554298663693089,0.5131529424179172
20251209_mini-v1.17.2_devstral-small-2512/pytest-dev__pytest-7324,pytest-dev__pytest-7324,1,3,"('reason_sent', 'cos_task', 100, 4)",0.3064848719311412,0.254440648965709,0.33559948217531504
20251209_mini-v1.17.2_devstral-small-2512/sympy__sympy-17318,sympy__sympy-17318,1,3,"('reason_sent', 'cos_task', 100, 4)",0.33124980859688763,0.5103103702183368,0.5722258693575749
20260217_mini-v2.0.0_gemini-3-flash-high/django__django-11141,django__django-11141,0,3,"('reason_sent', 'cos_task', 100, 4)",0.35958044155099966,0.4415302083509364,0.4573115891189878
20260217_mini-v2.0.0_gemini-3-flash-high/django__django-11400,django__django-11400,0,3,"('reason_sent', 'cos_task', 100, 4)",0.36342022371280147,0.3346138107100091,0.33849163600661664
20260217_mini-v2.0.0_gemini-3-flash-high/django__django-11880,django__django-11880,0,3,"('reason_sent', 'cos_task', 100, 4)",0.3263939520607217,0.27988886298155524,0.3297861271000421
20260217_mini-v2.0.0_gemini-3-flash-high/django__django-13449,django__django-13449,0,3,"('reason_sent', 'cos_task', 100, 4)",0.3289717253916582,0.3579187672048179,0.4092977453865256
20260217_mini-v2.0.0_gemini-3-flash-high/pydata__xarray-3151,pydata__xarray-3151,0,3,"('reason_sent', 'cos_task', 100, 4)",0.32704487645153685,0.3581118050861189,0.41371442514407086
20260217_mini-v2.0.0_gemini-3-flash-high/pylint-dev__pylint-6903,pylint-dev__pylint-6903,0,3,"('reason_sent', 'cos_task', 100, 4)",0.34793347887144555,0.3322692862914144,0.35902749834913067
20260217_mini-v2.0.0_gemini-3-flash-high/sphinx-doc__sphinx-9711,sphinx-doc__sphinx-9711,0,3,"('reason_sent', 'cos_task', 100, 4)",0.32306590527371337,0.30982327741531057,0.3643117202539191
20260217_mini-v2.0.0_gemini-3-flash-high/sympy__sympy-14976,sympy__sympy-14976,1,3,"('reason_sent', 'cos_task', 100, 4)",0.34237401803743467,0.33190609928052506,0.36746017212066884
20260217_mini-v2.0.0_gemini-3-flash-high/sympy__sympy-21930,sympy__sympy-21930,1,3,"('reason_sent', 'cos_task', 100, 4)",0.3394800815958767,0.35185007664217444,0.38878941607597767
20260226_mini-v2.0.0_gemini-3-pro-high/django__django-11815,django__django-11815,1,3,"('reason_sent', 'cos_task', 100, 4)",0.34947205154810523,0.32781577824163805,0.3549824794604261
20260226_mini-v2.0.0_gemini-3-pro-high/pytest-dev__pytest-7324,pytest-dev__pytest-7324,0,3,"('reason_sent', 'cos_task', 100, 4)",0.3497863406691464,0.28179296629656625,0.30077764200622564
20260226_mini-v2.0.0_gemini-3-pro-high/sympy__sympy-20438,sympy__sympy-20438,1,3,"('reason_sent', 'cos_task', 100, 4)",0.3438837624748474,0.3646812549288379,0.39771110881138794
20260217_mini-v2.0.0_deepseek-3-2-high/django__django-14089,django__django-14089,0,3,"('reason_sent', 'cos_task', 100, 4)",0.4349492577102457,0.41461355663560057,0.36406508622816003
20260217_mini-v2.0.0_deepseek-3-2-high/sphinx-doc__sphinx-10449,sphinx-doc__sphinx-10449,0,3,"('reason_sent', 'cos_task', 100, 4)",0.35746659777288514,0.30931257742953594,0.33683784226120644
20260217_mini-v2.0.0_glm-5-high/django__django-11820,django__django-11820,1,3,"('reason_sent', 'cos_task', 100, 4)",0.4294540479004096,0.3960965226870744,0.35517844659313136
20260217_mini-v2.0.0_glm-5-high/django__django-15280,django__django-15280,0,3,"('reason_sent', 'cos_task', 100, 4)",0.4185231304647625,0.4427958376561657,0.41012796459100037
20260217_mini-v2.0.0_glm-5-high/matplotlib__matplotlib-26342,matplotlib__matplotlib-26342,0,3,"('reason_sent', 'cos_task', 100, 4)",0.4559221745456898,0.43545450105489447,0.3728354725059741
20260217_mini-v2.0.0_glm-5-high/sphinx-doc__sphinx-8721,sphinx-doc__sphinx-8721,0,3,"('reason_sent', 'cos_task', 100, 4)",0.4976981798647243,0.48424214340388877,0.3768307298868254
20260217_mini-v2.0.0_kimi-k2-5-high/django__django-13933,django__django-13933,0,3,"('reason_sent', 'cos_task', 100, 4)",0.3768628586926354,0.3725773982878645,0.3830250722880397
20260217_mini-v2.0.0_kimi-k2-5-high/matplotlib__matplotlib-22719,matplotlib__matplotlib-22719,0,3,"('reason_sent', 'cos_task', 100, 4)",0.439743196037513,0.3914608742997117,0.3429510985642624
20260217_mini-v2.0.0_kimi-k2-5-high/pylint-dev__pylint-6528,pylint-dev__pylint-6528,1,3,"('reason_sent', 'cos_task', 100, 4)",0.8545686933958503,0.8221071942836266,0.32271197532607104
20260217_mini-v2.0.0_kimi-k2-5-high/sphinx-doc__sphinx-10449,sphinx-doc__sphinx-10449,0,3,"('reason_sent', 'cos_task', 100, 4)",0.4281857300436845,0.3909625407002987,0.36269667555245455
20260217_mini-v2.0.0_minimax-2-5-high/django__django-11815,django__django-11815,0,3,"('reason_sent', 'cos_task', 100, 4)",0.31973353809465577,0.3093184891824786,0.37198882059668065
20260217_mini-v2.0.0_minimax-2-5-high/django__django-14011,django__django-14011,1,3,"('reason_sent', 'cos_task', 100, 4)",0.3610617826695132,0.34618717820169087,0.36466748336979954
20260217_mini-v2.0.0_minimax-2-5-high/sphinx-doc__sphinx-10449,sphinx-doc__sphinx-10449,0,3,"('reason_sent', 'cos_task', 100, 4)",0.4358621839081331,0.4212353048930959,0.37582893238431736
20260217_mini-v2.0.0_minimax-2-5-high/sympy__sympy-18189,sympy__sympy-18189,0,3,"('reason_sent', 'cos_task', 100, 4)",0.34727007248839586,0.32845479730213456,0.3680531554650743
20260217_mini-v2.0.0_claude-4-5-sonnet-high/django__django-11292,django__django-11292,0,3,"('reason_sent', 'cos_task', 100, 4)",0.4977229784198567,0.46481256439868796,0.3549161220253651
20260217_mini-v2.0.0_claude-4-5-sonnet-high/django__django-13837,django__django-13837,0,3,"('reason_sent', 'cos_task', 100, 4)",0.3930718857562288,0.3759942807706357,0.3657220170554935
20260217_mini-v2.0.0_claude-4-5-sonnet-high/django__django-15572,django__django-15572,0,3,"('reason_sent', 'cos_task', 100, 4)",0.4093919833825711,0.38615056969843636,0.3621310338397547
20260217_mini-v2.0.0_claude-4-5-sonnet-high/sphinx-doc__sphinx-8269,sphinx-doc__sphinx-8269,0,3,"('reason_sent', 'cos_task', 100, 4)",0.4075706928187521,0.49226603847227435,0.464563398407358
20260217_mini-v2.0.0_claude-4-5-haiku-high/sphinx-doc__sphinx-8035,sphinx-doc__sphinx-8035,0,3,"('reason_sent', 'cos_task', 100, 4)",0.4955290857627868,0.5021697601613894,0.3930741457997593
20250726_mini-v1.0.0_gemini-2.5-pro/django__django-13925,django__django-13925,1,4,"('reason_sent', 'cos_task', 100, 4)",0.2949628456653787,0.30239441133663064,0.3355789171758711
20250726_mini-v1.0.0_gemini-2.5-pro/sphinx-doc__sphinx-11445,sphinx-doc__sphinx-11445,0,4,"('reason_sent', 'cos_task', 100, 4)",0.2984295493552435,0.2805708947079372,0.31076725604558253
20250822_mini-v1.9.1_glm-4.5/django__django-13925,django__django-13925,1,4,"('reason_sent', 'cos_task', 100, 4)",0.4072385103146651,0.4949488128739746,0.4084854498757292
20250822_mini-v1.9.1_glm-4.5/django__django-15022,django__django-15022,0,4,"('reason_sent', 'cos_task', 100, 4)",0.34208971445283987,0.403380258018644,0.3867663255234244
20250822_mini-v1.9.1_glm-4.5/django__django-16032,django__django-16032,1,4,"('reason_sent', 'cos_task', 100, 4)",0.3848890707247841,0.4626991508634594,0.40608370186820414
20250822_mini-v1.9.1_glm-4.5/django__django-7530,django__django-7530,0,4,"('reason_sent', 'cos_task', 100, 4)",0.37604170571069034,0.5986639146282069,0.538261087731842
20250929_mini-v1.13.3_sonnet-4-5-20250929/django__django-11555,django__django-11555,0,4,"('reason_sent', 'cos_task', 100, 4)",0.44198076210187115,0.37092288270784496,0.27963563136864306
20250929_mini-v1.13.3_sonnet-4-5-20250929/django__django-15629,django__django-15629,1,4,"('reason_sent', 'cos_task', 100, 4)",0.44499297512363667,0.4218723956079609,0.317777650783355
20250929_mini-v1.13.3_sonnet-4-5-20250929/matplotlib__matplotlib-24177,matplotlib__matplotlib-24177,1,4,"('reason_sent', 'cos_task', 100, 4)",0.3710216673490898,0.3090323145193973,0.2866453405356644
20250929_mini-v1.13.3_sonnet-4-5-20250929/scikit-learn__scikit-learn-10844,scikit-learn__scikit-learn-10844,0,4,"('reason_sent', 'cos_task', 100, 4)",0.3033687756819759,0.3206319518705165,0.3557616099705221
20250929_mini-v1.13.3_sonnet-4-5-20250929/sympy__sympy-24443,sympy__sympy-24443,0,4,"('reason_sent', 'cos_task', 100, 4)",0.2851704342006466,0.29821651427418217,0.34898229477068715
20251118_mini-v1.15.0_gemini-3-pro-preview-20251118/django__django-13195,django__django-13195,1,4,"('reason_sent', 'cos_task', 100, 4)",0.29659683148103544,0.2983488098045906,0.33216916687856696
20251118_mini-v1.15.0_gemini-3-pro-preview-20251118/pytest-dev__pytest-6202,pytest-dev__pytest-6202,0,4,"('reason_sent', 'cos_task', 100, 4)",0.26937783062909243,0.23328219084792728,0.29337387589682945
20251118_mini-v1.15.0_gemini-3-pro-preview-20251118/scikit-learn__scikit-learn-13779,scikit-learn__scikit-learn-13779,0,4,"('reason_sent', 'cos_task', 100, 4)",0.29421552276935825,0.25511048224037614,0.29369663401864843
20251118_mini-v1.15.0_gemini-3-pro-preview-20251118/sympy__sympy-13878,sympy__sympy-13878,1,4,"('reason_sent', 'cos_task', 100, 4)",0.27900211243168976,0.23981964071909423,0.29181288603413635
20251124_mini-v1.17.0_minimax-m2/django__django-12125,django__django-12125,1,4,"('reason_sent', 'cos_task', 100, 4)",0.34093631601511426,0.3019902407780626,0.2968186984820423
20251124_mini-v1.17.0_minimax-m2/django__django-15315,django__django-15315,1,4,"('reason_sent', 'cos_task', 100, 4)",0.3279114838351136,0.34246467227539396,0.34599333051566455
20251124_mini-v1.17.0_minimax-m2/django__django-15375,django__django-15375,0,4,"('reason_sent', 'cos_task', 100, 4)",0.3515235935092141,0.3219498020534515,0.3062542053804744
20251124_mini-v1.17.0_minimax-m2/django__django-15380,django__django-15380,1,4,"('reason_sent', 'cos_task', 100, 4)",0.34679115224377954,0.2793459341136932,0.2731209934334839
20251124_mini-v1.17.0_minimax-m2/pytest-dev__pytest-7521,pytest-dev__pytest-7521,0,4,"('reason_sent', 'cos_task', 100, 4)",0.29414035217439266,0.2349850406268069,0.27500859608136136
20251124_mini-v1.17.0_minimax-m2/scikit-learn__scikit-learn-10844,scikit-learn__scikit-learn-10844,0,4,"('reason_sent', 'cos_task', 100, 4)",0.31351029748015896,0.265678983154896,0.2891353649108055
20251124_mini-v1.17.0_minimax-m2/sympy__sympy-14248,sympy__sympy-14248,1,4,"('reason_sent', 'cos_task', 100, 4)",0.3778461937017729,0.3698778155903585,0.3316366888347752
20251124_mini-v1.17.0_minimax-m2/sympy__sympy-24443,sympy__sympy-24443,0,4,"('reason_sent', 'cos_task', 100, 4)",0.30725332543014755,0.3193612220457332,0.3455423416843871
20251201_mini-v1.17.1_glm-4.6/astropy__astropy-8707,astropy__astropy-8707,1,4,"('reason_sent', 'cos_task', 100, 4)",0.4062086411827867,0.36319151878591116,0.3036720211315521
20251201_mini-v1.17.1_glm-4.6/django__django-11555,django__django-11555,0,4,"('reason_sent', 'cos_task', 100, 4)",0.4651106662008262,0.5076969848147155,0.3746159799091632
20251201_mini-v1.17.1_glm-4.6/django__django-15973,django__django-15973,1,4,"('reason_sent', 'cos_task', 100, 4)",0.42757560479505313,0.44475626131266166,0.35078950955905824
20251201_mini-v1.17.1_glm-4.6/pytest-dev__pytest-7490,pytest-dev__pytest-7490,1,4,"('reason_sent', 'cos_task', 100, 4)",0.442967166580429,0.43935130985428994,0.33392145271263246
20251201_mini-v1.17.1_glm-4.6/sympy__sympy-21612,sympy__sympy-21612,1,4,"('reason_sent', 'cos_task', 100, 4)",0.35348845481701313,0.3443825492697777,0.3304950082310567
20251209_mini-v1.17.2_devstral-2512/django__django-11433,django__django-11433,1,4,"('reason_sent', 'cos_task', 100, 4)",0.44411985872091364,0.43794723517357914,0.33287837076344895
20251209_mini-v1.17.2_devstral-small-2512/django__django-11555,django__django-11555,0,4,"('reason_sent', 'cos_task', 100, 4)",0.4136396093871829,0.3830119398366316,0.31282593975604406
20251209_mini-v1.17.2_devstral-small-2512/django__django-12125,django__django-12125,1,4,"('reason_sent', 'cos_task', 100, 4)",0.35541228506157363,0.3262235102684658,0.31267054513225534
20251209_mini-v1.17.2_devstral-small-2512/django__django-16032,django__django-16032,1,4,"('reason_sent', 'cos_task', 100, 4)",0.4589505613806493,0.38727112551851584,0.28938307946979686
20251209_mini-v1.17.2_devstral-small-2512/matplotlib__matplotlib-24870,matplotlib__matplotlib-24870,1,4,"('reason_sent', 'cos_task', 100, 4)",0.27148024441013835,0.37238395134121616,0.4467734739154838
20260217_mini-v2.0.0_gemini-3-flash-high/pytest-dev__pytest-7490,pytest-dev__pytest-7490,1,4,"('reason_sent', 'cos_task', 100, 4)",0.3021366360247296,0.26084517118740064,0.2902953940313572
20260217_mini-v2.0.0_gemini-3-flash-high/sympy__sympy-16886,sympy__sympy-16886,0,4,"('reason_sent', 'cos_task', 100, 4)",0.3016932226949197,0.2847384764974189,0.31430961640770505
20260217_mini-v2.0.0_gemini-3-flash-high/sympy__sympy-21379,sympy__sympy-21379,0,4,"('reason_sent', 'cos_task', 100, 4)",0.31491540273384133,0.33816721727292814,0.35067729400434566
20260226_mini-v2.0.0_gemini-3-pro-high/django__django-15973,django__django-15973,1,4,"('reason_sent', 'cos_task', 100, 4)",0.33105213700128583,0.3002795441268278,0.29881500993780896
20260217_mini-v2.0.0_deepseek-3-2-high/django__django-15368,django__django-15368,0,4,"('reason_sent', 'cos_task', 100, 4)",0.34023254157043464,0.3432066564899991,0.33845125199755366
20260217_mini-v2.0.0_deepseek-3-2-high/django__django-15973,django__django-15973,0,4,"('reason_sent', 'cos_task', 100, 4)",0.3421929358567064,0.2926550159266112,0.2898722757674323
20260217_mini-v2.0.0_deepseek-3-2-high/matplotlib__matplotlib-24570,matplotlib__matplotlib-24570,0,4,"('reason_sent', 'cos_task', 100, 4)",0.3212104418859484,0.2847532203394676,0.2998180735889516
20260217_mini-v2.0.0_glm-5-high/django__django-11451,django__django-11451,0,4,"('reason_sent', 'cos_task', 100, 4)",0.8062995789574134,0.7847343589484467,0.3041690356315599
20260217_mini-v2.0.0_glm-5-high/django__django-11551,django__django-11551,0,4,"('reason_sent', 'cos_task', 100, 4)",0.7181353293869833,0.6809809601030814,0.30045430783359406
20260217_mini-v2.0.0_glm-5-high/django__django-14580,django__django-14580,0,4,"('reason_sent', 'cos_task', 100, 4)",0.32384294347923814,0.31768492888455363,0.3328980830214168
20260217_mini-v2.0.0_glm-5-high/django__django-15629,django__django-15629,1,4,"('reason_sent', 'cos_task', 100, 4)",0.6056441242164465,0.7045731886777937,0.4376435528025142
20260217_mini-v2.0.0_glm-5-high/pytest-dev__pytest-8399,pytest-dev__pytest-8399,0,4,"('reason_sent', 'cos_task', 100, 4)",0.3875132148225186,0.39012513566601076,0.34558343317674106
20260217_mini-v2.0.0_glm-5-high/sympy__sympy-14248,sympy__sympy-14248,1,4,"('reason_sent', 'cos_task', 100, 4)",0.2529421678183558,0.4511563102851795,0.5494027470319786
20260217_mini-v2.0.0_kimi-k2-5-high/astropy__astropy-8872,astropy__astropy-8872,1,4,"('reason_sent', 'cos_task', 100, 4)",0.3319248669861132,0.3205309030074782,0.3257633340159906
20260217_mini-v2.0.0_kimi-k2-5-high/django__django-12125,django__django-12125,1,4,"('reason_sent', 'cos_task', 100, 4)",0.33582722354714406,0.304373871109332,0.30326924131664174
20260217_mini-v2.0.0_kimi-k2-5-high/django__django-16032,django__django-16032,0,4,"('reason_sent', 'cos_task', 100, 4)",0.4354263615528496,0.4369547241656515,0.3365129151311064
20260217_mini-v2.0.0_kimi-k2-5-high/matplotlib__matplotlib-24870,matplotlib__matplotlib-24870,1,4,"('reason_sent', 'cos_task', 100, 4)",0.32439458923866077,0.36438079968936243,0.3711731993394463
20260217_mini-v2.0.0_kimi-k2-5-high/psf__requests-2931,psf__requests-2931,1,4,"('reason_sent', 'cos_task', 100, 4)",0.36896963903958196,0.3549834732336197,0.3164447859233532
20260217_mini-v2.0.0_kimi-k2-5-high/sphinx-doc__sphinx-9230,sphinx-doc__sphinx-9230,0,4,"('reason_sent', 'cos_task', 100, 4)",0.3569887211099527,0.29857060851377104,0.28717764672189205
20260217_mini-v2.0.0_minimax-2-5-high/matplotlib__matplotlib-24870,matplotlib__matplotlib-24870,1,4,"('reason_sent', 'cos_task', 100, 4)",0.352026268241514,0.31105934906945865,0.29647633437109255
20260217_mini-v2.0.0_claude-4-5-sonnet-high/django__django-15973,django__django-15973,1,4,"('reason_sent', 'cos_task', 100, 4)",0.42321959591917374,0.436400317832375,0.3306608430951089
20260217_mini-v2.0.0_claude-4-5-sonnet-high/sphinx-doc__sphinx-9230,sphinx-doc__sphinx-9230,0,4,"('reason_sent', 'cos_task', 100, 4)",0.3409260133940681,0.3587926451490234,0.3469537883420259
20260217_mini-v2.0.0_claude-4-5-haiku-high/astropy__astropy-8707,astropy__astropy-8707,1,4,"('reason_sent', 'cos_task', 100, 4)",0.3761587649033306,0.36367160422248795,0.3281643938400181
20260217_mini-v2.0.0_claude-4-5-haiku-high/django__django-16116,django__django-16116,0,4,"('reason_sent', 'cos_task', 100, 4)",0.3666773803231239,0.3177856923381436,0.2917486042465608
20260217_mini-v2.0.0_claude-4-5-haiku-high/pytest-dev__pytest-7432,pytest-dev__pytest-7432,0,4,"('reason_sent', 'cos_task', 100, 4)",0.3451545555909831,0.32225661455282917,0.3117139878878679
20260217_mini-v2.0.0_claude-4-5-haiku-high/pytest-dev__pytest-7490,pytest-dev__pytest-7490,0,4,"('reason_sent', 'cos_task', 100, 4)",0.3858370156634947,0.3758853483342921,0.3251999775909962
20260217_mini-v2.0.0_claude-4-5-haiku-high/sphinx-doc__sphinx-8265,sphinx-doc__sphinx-8265,1,4,"('reason_sent', 'cos_task', 100, 4)",0.4099875352835652,0.38585570882164905,0.3185159850978408
20260217_mini-v2.0.0_claude-4-5-haiku-high/sympy__sympy-16766,sympy__sympy-16766,0,4,"('reason_sent', 'cos_task', 100, 4)",0.2979009127573584,0.280388839662079,0.32368309588021404
